TICKER,DATE,OPEN,HIGH,LOW,CLOSE,VOLUME
VN30,3/21/12,0.50563,0.51387,0.50476,0.5068,34696070
VN30,3/22/12,0.50202,0.50978,0.50162,0.50554,24700500
VN30,3/23/12,0.50804,0.51459,0.50794,0.51284,26117150
VN30,3/26/12,0.51702,0.51809,0.50949,0.51727,28753200
VN30,3/27/12,0.51304,0.51322,0.50241,0.50241,33826440
VN30,3/28/12,0.49974,0.50533,0.49389,0.50454,20095550
VN30,3/29/12,0.50721,0.50759,0.49795,0.49848,23528960
VN30,3/30/12,0.50193,0.50336,0.49699,0.50007,19134730
VN30,4/3/12,0.49997,0.50673,0.49965,0.50577,16311770
VN30,4/4/12,0.50711,0.50778,0.49997,0.50028,15528440
VN30,4/5/12,0.49929,0.50826,0.49844,0.50735,22504320
VN30,4/6/12,0.51045,0.51513,0.50925,0.51151,29506930
VN30,4/9/12,0.51664,0.51775,0.5138,0.51564,22525740
VN30,4/10/12,0.51642,0.52279,0.51456,0.5174,27702170
VN30,4/11/12,0.52471,0.52763,0.51955,0.52763,31311990
VN30,4/12/12,0.53124,0.54093,0.53007,0.53728,35158140
VN30,4/13/12,0.54029,0.54068,0.5323,0.5323,39331780
VN30,4/16/12,0.53323,0.54236,0.53048,0.53917,28106250
VN30,4/17/12,0.54221,0.54698,0.53803,0.54413,32161550
VN30,4/18/12,0.54476,0.55152,0.54063,0.5416,37950780
VN30,4/19/12,0.53907,0.54243,0.5329,0.53368,29899980
VN30,4/20/12,0.53544,0.53982,0.52984,0.53374,21762350
VN30,4/23/12,0.53539,0.53898,0.5335,0.5336,16134950
VN30,4/24/12,0.53482,0.536,0.52869,0.53489,18822090
VN30,4/25/12,0.54169,0.54373,0.5384,0.54278,24328170
VN30,4/26/12,0.54253,0.54492,0.53806,0.5381,22637170
VN30,4/27/12,0.54177,0.54285,0.53819,0.5412,18517320
VN30,5/2/12,0.54413,0.54552,0.53751,0.53972,24514390
VN30,5/3/12,0.53904,0.54183,0.53205,0.5361,24058930
VN30,5/4/12,0.53681,0.54521,0.53681,0.5425,27040280
VN30,5/7/12,0.54761,0.55254,0.5464,0.5523,27745500
VN30,5/8/12,0.55429,0.56145,0.55253,0.55702,38157830
VN30,5/9/12,0.5572,0.56055,0.55442,0.55735,26645270
VN30,5/10/12,0.55931,0.56153,0.55162,0.55474,32479070
VN30,5/11/12,0.55492,0.55715,0.54787,0.54794,24157180
VN30,5/14/12,0.54627,0.54975,0.53625,0.53635,29196100
VN30,5/15/12,0.53301,0.53584,0.5229,0.5229,30385460
VN30,5/16/12,0.5227,0.52727,0.51604,0.5197,24856130
VN30,5/17/12,0.51978,0.52408,0.51346,0.51346,19892170
VN30,5/18/12,0.5107,0.5107,0.50021,0.50461,29219270
VN30,5/21/12,0.50794,0.51893,0.50758,0.51886,15988150
VN30,5/22/12,0.52069,0.52383,0.51512,0.51686,18684970
VN30,5/23/12,0.51242,0.51633,0.50835,0.50845,18270990
VN30,5/24/12,0.5042,0.50976,0.49993,0.50158,18293420
VN30,5/25/12,0.50827,0.51459,0.5077,0.51427,16691520
VN30,5/28/12,0.52146,0.52147,0.51133,0.51344,18686950
VN30,5/29/12,0.51047,0.51233,0.50855,0.51081,12832450
VN30,5/30/12,0.51362,0.51615,0.51163,0.51338,13465860
VN30,5/31/12,0.50892,0.51169,0.50635,0.50707,12134860
VN30,6/1/12,0.50906,0.50952,0.5046,0.50565,10867510
VN30,6/5/12,0.49063,0.49802,0.49063,0.49802,16852650
VN30,6/6/12,0.49866,0.50499,0.49848,0.50411,13196930
VN30,6/7/12,0.50856,0.51297,0.50639,0.50941,22683510
VN30,6/8/12,0.51107,0.51588,0.50815,0.50815,22572550
VN30,6/11/12,0.50809,0.51294,0.50652,0.50999,19853360
VN30,6/12/12,0.50864,0.50972,0.50527,0.50649,15637390
VN30,6/13/12,0.5076,0.5076,0.50316,0.50419,19132000
VN30,6/14/12,0.50082,0.5041,0.49863,0.50024,18984350
VN30,6/15/12,0.50065,0.50925,0.50065,0.50794,41932730
VN30,6/18/12,0.50451,0.50993,0.50284,0.50794,27309690
VN30,6/19/12,0.50837,0.5106,0.50502,0.50667,12686660
VN30,6/20/12,0.50723,0.51037,0.50402,0.50823,10659030
VN30,6/21/12,0.50485,0.50784,0.50452,0.50471,13235290
VN30,6/22/12,0.50397,0.50421,0.4994,0.50034,17344890
VN30,6/25/12,0.49937,0.50358,0.49643,0.49809,16440300
VN30,6/26/12,0.49672,0.49672,0.49234,0.49373,17757760
VN30,6/27/12,0.49463,0.49729,0.49272,0.49277,13389820
VN30,6/28/12,0.4925,0.49338,0.48993,0.49171,11860590
VN30,6/29/12,0.49403,0.49773,0.49248,0.49773,9128190
VN30,7/2/12,0.49645,0.49847,0.49133,0.49266,12212060
VN30,7/3/12,0.48992,0.491,0.48518,0.48695,14683870
VN30,7/4/12,0.48769,0.49086,0.48542,0.48542,8391490
VN30,7/5/12,0.48527,0.48882,0.48375,0.48882,9448850
VN30,7/6/12,0.48941,0.49374,0.48899,0.49064,10898270
VN30,7/9/12,0.48775,0.48899,0.48203,0.48249,10271450
VN30,7/10/12,0.48221,0.48413,0.47958,0.47958,8040590
VN30,7/11/12,0.47915,0.48281,0.47915,0.48157,6954660
VN30,7/12/12,0.47988,0.48368,0.47954,0.48312,8347310
VN30,7/13/12,0.48456,0.49244,0.48456,0.49236,16376060
VN30,7/16/12,0.49347,0.49406,0.48808,0.48863,10311370
VN30,7/17/12,0.48462,0.49342,0.48462,0.49304,12630900
VN30,7/18/12,0.49334,0.49561,0.49173,0.49411,12593700
VN30,7/19/12,0.49816,0.5026,0.49816,0.5026,25713470
VN30,7/20/12,0.50567,0.50636,0.49743,0.49743,26190500
VN30,7/23/12,0.49665,0.50033,0.49508,0.49586,16284250
VN30,7/24/12,0.4943,0.49523,0.48925,0.49134,14977060
VN30,7/25/12,0.48816,0.49143,0.48762,0.48837,13740230
VN30,7/26/12,0.48889,0.49265,0.48862,0.49078,11820710
VN30,7/27/12,0.49291,0.49388,0.48847,0.48961,13734720
VN30,7/30/12,0.48718,0.49295,0.48657,0.49229,11244180
VN30,7/31/12,0.49186,0.49376,0.49115,0.49198,7602800
VN30,8/1/12,0.491,0.49126,0.48765,0.48976,9531560
VN30,8/2/12,0.49243,0.49569,0.49215,0.49412,6915300
VN30,8/3/12,0.49632,0.49849,0.49595,0.49738,6726430
VN30,8/6/12,0.4979,0.50401,0.4979,0.50297,15402530
VN30,8/7/12,0.50336,0.50572,0.50207,0.50207,8888470
VN30,8/8/12,0.5017,0.504,0.50044,0.50374,7855210
VN30,8/9/12,0.50491,0.50911,0.50487,0.50858,12453210
VN30,8/10/12,0.50928,0.50928,0.5058,0.5066,9349540
VN30,8/13/12,0.50583,0.50899,0.50437,0.50899,7181270
VN30,8/14/12,0.51114,0.5148,0.50849,0.51336,30324580
VN30,8/15/12,0.51383,0.51767,0.51383,0.51605,14848140
VN30,8/17/12,0.51466,0.51709,0.51346,0.51555,13380680
VN30,8/20/12,0.51747,0.52175,0.51662,0.52128,14521720
VN30,8/21/12,0.51061,0.51061,0.49559,0.49639,27332260
VN30,8/22/12,0.48087,0.4899,0.48058,0.48632,26402160
VN30,8/23/12,0.47282,0.47285,0.46311,0.46483,22651350
VN30,8/24/12,0.44865,0.47538,0.44606,0.47275,38805910
VN30,8/27/12,0.46631,0.468,0.45484,0.45632,19878860
VN30,8/29/12,0.45734,0.463,0.45734,0.45964,17012200
VN30,8/30/12,0.46145,0.46859,0.45954,0.46542,13932960
VN30,8/31/12,0.46535,0.46825,0.4631,0.46529,12040870
VN30,9/4/12,0.46659,0.47491,0.46657,0.47278,10106670
VN30,9/5/12,0.47342,0.476,0.46606,0.46946,16843580
VN30,9/6/12,0.46677,0.46931,0.46358,0.46363,10712960
VN30,9/7/12,0.46395,0.46726,0.46241,0.46594,11558410
VN30,9/10/12,0.46393,0.46454,0.45263,0.45559,19762320
VN30,9/11/12,0.44961,0.45399,0.44961,0.45339,13463990
VN30,9/12/12,0.45461,0.4554,0.45275,0.45396,13243200
VN30,9/13/12,0.45387,0.45611,0.45235,0.45611,12860540
VN30,9/14/12,0.46313,0.46408,0.46016,0.46097,9038110
VN30,9/17/12,0.46418,0.47247,0.46418,0.46832,12867500
VN30,9/18/12,0.47013,0.47364,0.45926,0.46044,18361190
VN30,9/19/12,0.45424,0.46094,0.45424,0.45713,19379370
VN30,9/20/12,0.45389,0.45471,0.4454,0.44966,21442210
VN30,9/21/12,0.45228,0.45753,0.45228,0.45753,31533840
VN30,9/24/12,0.45545,0.45793,0.45384,0.45452,11338500
VN30,9/25/12,0.45525,0.4591,0.45352,0.45652,9220770
VN30,9/26/12,0.4577,0.46375,0.45763,0.46023,9851470
VN30,9/27/12,0.46186,0.46285,0.45539,0.45838,10034640
VN30,9/28/12,0.45662,0.45835,0.45468,0.45648,9500880
VN30,10/1/12,0.45482,0.45527,0.45043,0.45155,12025080
VN30,10/2/12,0.45123,0.45225,0.44865,0.44897,12514410
VN30,10/3/12,0.45053,0.45259,0.44735,0.45044,11155180
VN30,10/4/12,0.45048,0.45157,0.44816,0.44962,9268000
VN30,10/5/12,0.45044,0.4532,0.4496,0.4532,12706870
VN30,10/8/12,0.45248,0.46026,0.45248,0.46026,15114270
VN30,10/9/12,0.46106,0.46251,0.45847,0.46009,14073140
VN30,10/10/12,0.45936,0.46171,0.45745,0.46171,14419490
VN30,10/11/12,0.4624,0.46524,0.46128,0.46128,17366460
VN30,10/12/12,0.46109,0.46307,0.45995,0.46018,21402350
VN30,10/15/12,0.45957,0.46282,0.45956,0.46134,15128700
VN30,10/16/12,0.46163,0.47168,0.46163,0.47168,16902790
VN30,10/17/12,0.47205,0.47367,0.46803,0.46939,14920560
VN30,10/18/12,0.46779,0.47231,0.46739,0.47196,17248140
VN30,10/19/12,0.47274,0.47449,0.46645,0.47126,19935740
VN30,10/22/12,0.47072,0.47094,0.46648,0.46918,7233720
VN30,10/23/12,0.47051,0.47099,0.46759,0.46982,10962160
VN30,10/24/12,0.47013,0.47057,0.46632,0.46662,7562330
VN30,10/25/12,0.46431,0.46481,0.45923,0.45993,13077100
VN30,10/26/12,0.45943,0.46394,0.45943,0.46216,6014510
VN30,10/29/12,0.46057,0.46325,0.4597,0.46103,6797840
VN30,10/30/12,0.46091,0.46271,0.45904,0.45904,7335090
VN30,10/31/12,0.45841,0.46057,0.45638,0.45856,7798980
VN30,11/1/12,0.4583,0.46076,0.45806,0.45806,12100770
VN30,11/2/12,0.45283,0.45283,0.44142,0.4419,22143910
VN30,11/5/12,0.43729,0.44651,0.43716,0.44651,10589160
VN30,11/6/12,0.44605,0.44931,0.44386,0.44663,9852960
VN30,11/7/12,0.44742,0.4514,0.44453,0.45083,12812750
VN30,11/8/12,0.44912,0.45578,0.44846,0.45578,10810680
VN30,11/9/12,0.45607,0.45723,0.4532,0.45723,11386510
VN30,11/12/12,0.45592,0.46064,0.45592,0.46014,13181090
VN30,11/13/12,0.4575,0.45865,0.45508,0.45508,9990180
VN30,11/14/12,0.45409,0.45986,0.45377,0.45821,9395630
VN30,11/15/12,0.46072,0.46197,0.45635,0.45708,9999890
VN30,11/16/12,0.45482,0.45579,0.4521,0.45567,6214090
VN30,11/19/12,0.45463,0.45592,0.45104,0.45236,8422680
VN30,11/20/12,0.45212,0.45566,0.4504,0.4551,9241690
VN30,11/21/12,0.45457,0.45643,0.45155,0.45287,8537910
VN30,11/22/12,0.45176,0.45343,0.45094,0.45224,4809550
VN30,11/23/12,0.45242,0.45346,0.44909,0.44973,6769430
VN30,11/26/12,0.45054,0.45064,0.44454,0.44517,6304590
VN30,11/27/12,0.44489,0.44577,0.44247,0.44368,4541820
VN30,11/28/12,0.44251,0.4435,0.43932,0.44149,5721170
VN30,11/29/12,0.44257,0.44466,0.44216,0.44427,4906570
VN30,11/30/12,0.44516,0.44664,0.44268,0.44368,6616030
VN30,12/3/12,0.4436,0.44572,0.44039,0.44572,6997180
VN30,12/4/12,0.44547,0.44809,0.44434,0.44802,9836230
VN30,12/6/12,0.45126,0.45234,0.44984,0.45172,7163480
VN30,12/7/12,0.45251,0.45256,0.44981,0.44981,9609430
VN30,12/10/12,0.45146,0.45442,0.4498,0.45369,13182740
VN30,12/11/12,0.45305,0.4559,0.45245,0.4559,13625300
VN30,12/12/12,0.45459,0.46078,0.45214,0.45764,16901580
VN30,12/13/12,0.4586,0.46112,0.4568,0.45783,13936450
VN30,12/14/12,0.45953,0.463,0.45953,0.46074,12356180
VN30,12/17/12,0.45933,0.46462,0.45933,0.46225,19447800
VN30,12/18/12,0.46523,0.46523,0.45938,0.46042,18691480
VN30,12/19/12,0.46308,0.46712,0.46236,0.46712,29233490
VN30,12/20/12,0.46738,0.46975,0.46572,0.46832,29525070
VN30,12/21/12,0.466,0.4689,0.46044,0.46524,34060170
VN30,12/24/12,0.46523,0.46847,0.46357,0.46699,14118970
VN30,12/25/12,0.46895,0.46924,0.46472,0.46915,14816640
VN30,12/26/12,0.46679,0.47593,0.46515,0.47593,20414860
VN30,12/27/12,0.47618,0.48215,0.47618,0.48085,23956110
VN30,12/28/12,0.48073,0.48538,0.47755,0.48538,16518080
VN30,1/2/13,0.48641,0.49229,0.48537,0.49082,22641550
VN30,1/3/13,0.49255,0.49255,0.48384,0.49134,32691800
VN30,1/4/13,0.48971,0.49985,0.48795,0.49831,20146300
VN30,1/7/13,0.50058,0.50961,0.49854,0.50918,26031020
VN30,1/8/13,0.51241,0.52536,0.51164,0.52536,32892880
VN30,1/9/13,0.53418,0.53975,0.52164,0.53152,61607930
VN30,1/10/13,0.5301,0.5458,0.52632,0.5458,33051070
VN30,1/11/13,0.55664,0.55664,0.54524,0.54572,29857520
VN30,1/14/13,0.53843,0.54223,0.53341,0.53742,26016240
VN30,1/15/13,0.53837,0.54273,0.53559,0.54273,29523420
VN30,1/16/13,0.54432,0.55211,0.54373,0.54634,30711880
VN30,1/17/13,0.54587,0.54746,0.53775,0.53775,31723670
VN30,1/18/13,0.53835,0.53966,0.52951,0.53497,29142270
VN30,1/21/13,0.53472,0.53681,0.52789,0.52789,12761250
VN30,1/22/13,0.53091,0.53091,0.51893,0.52119,17301730
VN30,1/23/13,0.52171,0.52633,0.51932,0.52192,12905400
VN30,1/24/13,0.5234,0.53218,0.52256,0.53211,11320000
VN30,1/25/13,0.53559,0.54731,0.53559,0.54731,23302400
VN30,1/28/13,0.55184,0.56844,0.55184,0.5626,37768410
VN30,1/29/13,0.56128,0.5696,0.55857,0.5696,34904250
VN30,1/30/13,0.57225,0.577,0.56815,0.57276,29159290
VN30,1/31/13,0.56901,0.5696,0.56381,0.56401,20070490
VN30,2/1/13,0.56291,0.56609,0.55531,0.56609,18839890
VN30,2/4/13,0.56636,0.56968,0.56207,0.56207,16871520
VN30,2/5/13,0.561,0.56292,0.55683,0.55683,21055240
VN30,2/6/13,0.56064,0.57052,0.56064,0.57003,20009590
VN30,2/7/13,0.57024,0.57299,0.57024,0.57159,17594510
VN30,2/8/13,0.57339,0.57647,0.56957,0.57418,12007720
VN30,2/18/13,0.57769,0.57857,0.57376,0.57443,17174080
VN30,2/19/13,0.57374,0.57488,0.56932,0.57022,26807910
VN30,2/20/13,0.56583,0.57373,0.56538,0.57238,19244500
VN30,2/21/13,0.5716,0.57447,0.55042,0.55042,27072530
VN30,2/22/13,0.5571,0.5627,0.54252,0.55133,29462370
VN30,2/25/13,0.55767,0.55817,0.55569,0.55817,13373010
VN30,2/26/13,0.55773,0.55773,0.53569,0.53694,24142770
VN30,2/27/13,0.53715,0.53957,0.52976,0.53586,18025740
VN30,2/28/13,0.53935,0.54775,0.53935,0.54568,17404590
VN30,3/1/13,0.54892,0.55149,0.54685,0.5477,12333780
VN30,3/4/13,0.54618,0.54947,0.53453,0.53453,19607530
VN30,3/5/13,0.53374,0.53388,0.5258,0.52829,14685030
VN30,3/6/13,0.53281,0.53908,0.53137,0.53908,9619410
VN30,3/7/13,0.54071,0.54211,0.53369,0.53369,14167490
VN30,3/8/13,0.53582,0.54165,0.53582,0.54001,8670280
VN30,3/11/13,0.54244,0.55022,0.54144,0.55022,15131880
VN30,3/12/13,0.54733,0.55198,0.54189,0.54763,17545750
VN30,3/13/13,0.54952,0.551,0.54271,0.54294,16299510
VN30,3/14/13,0.54114,0.54615,0.54041,0.54615,16328330
VN30,3/15/13,0.54698,0.55333,0.54586,0.55333,40230250
VN30,3/18/13,0.55319,0.55319,0.54872,0.54872,12676510
VN30,3/19/13,0.54704,0.5498,0.54523,0.54722,10403080
VN30,3/20/13,0.54715,0.55339,0.5471,0.55115,15467200
VN30,3/21/13,0.55291,0.56117,0.55246,0.55939,16237050
VN30,3/22/13,0.56004,0.56608,0.5518,0.55484,16939290
VN30,3/25/13,0.5552,0.56181,0.55412,0.56181,11961010
VN30,3/26/13,0.56331,0.56392,0.55717,0.55717,10965070
VN30,3/27/13,0.55807,0.55829,0.55483,0.55483,10932720
VN30,3/28/13,0.55614,0.55616,0.55047,0.55192,10802590
VN30,3/29/13,0.54421,0.55388,0.54417,0.55228,10336750
VN30,4/1/13,0.56266,0.56698,0.56266,0.56698,16180320
VN30,4/2/13,0.56804,0.57733,0.56804,0.5735,28288150
VN30,4/3/13,0.57238,0.57562,0.56725,0.56933,19646830
VN30,4/4/13,0.56945,0.57145,0.56409,0.56439,18312940
VN30,4/5/13,0.56766,0.57083,0.56405,0.5702,14687580
VN30,4/8/13,0.57222,0.57606,0.5697,0.57502,17717230
VN30,4/9/13,0.57321,0.57904,0.57258,0.57593,18698050
VN30,4/10/13,0.57624,0.58101,0.55837,0.55837,23132400
VN30,4/11/13,0.56204,0.56576,0.55756,0.56576,20175540
VN30,4/12/13,0.56668,0.56694,0.55224,0.55777,17713560
VN30,4/15/13,0.55544,0.55544,0.53956,0.54083,18673890
VN30,4/16/13,0.53444,0.53964,0.52582,0.53817,16660010
VN30,4/17/13,0.54275,0.5449,0.53682,0.54399,8760310
VN30,4/18/13,0.53797,0.53955,0.52926,0.53244,13627580
VN30,4/22/13,0.53023,0.53112,0.52543,0.52763,12079560
VN30,4/23/13,0.52817,0.53424,0.52816,0.53224,9463180
VN30,4/24/13,0.53297,0.53543,0.53169,0.53169,10240790
VN30,4/25/13,0.5345,0.53779,0.5345,0.53723,9147670
VN30,4/26/13,0.53872,0.5406,0.53579,0.53737,8239310
VN30,5/2/13,0.53615,0.5396,0.53451,0.53625,6709280
VN30,5/3/13,0.53387,0.53933,0.53369,0.53933,7278390
VN30,5/6/13,0.54229,0.55199,0.54229,0.55199,13222940
VN30,5/7/13,0.55345,0.55564,0.54785,0.54957,15855600
VN30,5/8/13,0.55128,0.55226,0.54858,0.54974,11718560
VN30,5/9/13,0.54928,0.55387,0.54928,0.55253,12649240
VN30,5/10/13,0,0,0,0.55253,0
VN30,5/13/13,0.55255,0.55523,0.55255,0.55438,9991930
VN30,5/14/13,0.55264,0.55264,0.54565,0.54827,14586000
VN30,5/15/13,0.54787,0.55303,0.54767,0.55181,13452350
VN30,5/16/13,0.55226,0.55776,0.55193,0.55601,18171560
VN30,7/22/13,0.55728,0.55797,0.55704,0.55797,22155510
VN30,7/23/13,0.55724,0.55968,0.55607,0.55679,21813780
VN30,7/24/13,0.55608,0.55611,0.54819,0.55189,12151110
VN30,7/25/13,0.54755,0.54884,0.54352,0.54415,19474800
VN30,7/26/13,0.54446,0.54667,0.53983,0.54488,19525460
VN30,7/29/13,0.53742,0.53742,0.53742,0.53742,12137940
VN30,7/30/13,0.53745,0.54304,0.53703,0.54178,10209820
VN30,7/31/13,0.54068,0.54369,0.53866,0.54252,7984520
VN30,8/1/13,0.54053,0.54468,0.54027,0.54356,10858540
VN30,8/2/13,0.54439,0.54663,0.54391,0.54559,9147290
VN30,8/5/13,0.54455,0.54871,0.54417,0.54618,8204730
VN30,8/6/13,0.54579,0.54945,0.54457,0.54945,10652190
VN30,8/7/13,0.55032,0.55453,0.54826,0.55329,15047550
VN30,8/8/13,0.55313,0.55675,0.55007,0.55007,9641510
VN30,8/9/13,0.55114,0.55372,0.55054,0.55227,9375750
VN30,8/12/13,0.55318,0.55342,0.54923,0.55007,9506380
VN30,8/13/13,0.5505,0.55392,0.54853,0.55036,12230480
VN30,8/14/13,0.5497,0.55434,0.54753,0.55434,11673660
VN30,8/15/13,0.55435,0.56046,0.55435,0.55907,21009900
VN30,8/16/13,0.55872,0.56112,0.55626,0.55916,19566810
VN30,8/19/13,0.55907,0.56556,0.55871,0.56162,23413480
VN30,8/20/13,0.56054,0.56229,0.55605,0.55752,21024940
VN30,8/21/13,0.5579,0.5579,0.54942,0.55593,17489800
VN30,8/22/13,0.55371,0.55644,0.5467,0.54954,20011910
VN30,8/23/13,0.54969,0.55073,0.53773,0.54208,22414110
VN30,8/26/13,0.54129,0.54338,0.53346,0.54338,16078600
VN30,8/27/13,0.54181,0.54281,0.53857,0.53997,8156540
VN30,8/28/13,0.53029,0.53047,0.52327,0.52862,27014020
VN30,8/29/13,0.52817,0.53103,0.52351,0.52351,17988250
VN30,8/30/13,0.52389,0.53123,0.51775,0.53123,15107880
VN30,9/3/13,0.53115,0.5331,0.52596,0.52792,10046640
VN30,9/4/13,0.52807,0.5305,0.52286,0.52566,14797640
VN30,9/5/13,0.52661,0.5319,0.52391,0.53171,11932050
VN30,9/6/13,0.5328,0.53544,0.52948,0.5348,14582410
VN30,9/9/13,0.53422,0.53422,0.52338,0.52417,13465010
VN30,9/10/13,0.5258,0.53059,0.5258,0.53019,9287410
VN30,9/11/13,0.53143,0.53442,0.52889,0.53191,12175670
VN30,9/12/13,0.53021,0.5326,0.52962,0.53117,8242010
VN30,9/13/13,0.53009,0.5328,0.52908,0.53121,11459240
VN30,9/16/13,0.53254,0.53487,0.52956,0.53199,16668890
VN30,9/17/13,0,0,0,0.53199,0
VN30,9/18/13,0.53615,0.53668,0.53059,0.53163,13243130
VN30,9/19/13,0.53288,0.53704,0.53288,0.53383,14035130
VN30,9/20/13,0.53383,0.53757,0.53227,0.53757,62591670
VN30,9/23/13,0.53547,0.54025,0.53419,0.54025,13946920
VN30,9/24/13,0.53943,0.54437,0.53943,0.54323,22876750
VN30,9/25/13,0.54238,0.54939,0.54235,0.54583,30617190
VN30,9/26/13,0.54542,0.54758,0.5426,0.54583,18273840
VN30,9/27/13,0.54455,0.54756,0.54333,0.54549,16881810
VN30,9/30/13,0.5461,0.55156,0.54543,0.55156,24861410
VN30,10/1/13,0.55171,0.55521,0.54932,0.54963,40195170
VN30,10/2/13,0.55036,0.55416,0.54991,0.55273,21525070
VN30,10/3/13,0,0,0,0.55273,0
VN30,10/4/13,0.54974,0.55227,0.54863,0.55207,17846390
VN30,10/7/13,0.55255,0.55795,0.5523,0.55754,22796900
VN30,10/8/13,0.55783,0.56036,0.55502,0.55855,29153670
VN30,10/9/13,0.55824,0.55899,0.55525,0.55672,17697270
VN30,10/10/13,0.55619,0.55746,0.55186,0.55186,22758350
VN30,10/11/13,0.55216,0.55216,0.55216,0.55216,16840830
VN30,10/14/13,0.55129,0.55268,0.54963,0.55148,11063280
VN30,10/15/13,0.5507,0.5539,0.55058,0.5539,19915060
VN30,10/16/13,0.55314,0.55851,0.55269,0.55715,23977290
VN30,10/18/13,0.55732,0.56003,0.5557,0.55938,19230580
VN30,10/21/13,0.56128,0.56291,0.55925,0.5613,28327220
VN30,10/22/13,0.56022,0.56319,0.55861,0.56036,20459540
VN30,10/23/13,0.56207,0.56578,0.56206,0.56528,27326710
VN30,10/24/13,0.56471,0.56653,0.56147,0.56202,33296690
VN30,10/25/13,0.56301,0.56303,0.55918,0.56057,21909660
VN30,10/28/13,0.5604,0.56084,0.55595,0.55595,16251390
VN30,10/29/13,0,0,0,0.55595,0
VN30,10/30/13,0.55707,0.55887,0.55695,0.55723,10710270
VN30,10/31/13,0.55769,0.55853,0.55511,0.55556,10270440
VN30,11/1/13,0.55692,0.55718,0.55385,0.55473,12220800
VN30,11/4/13,0.55549,0.55593,0.55224,0.55497,16627530
VN30,11/5/13,0.55547,0.55795,0.55283,0.55772,16803280
VN30,11/6/13,0.56022,0.56193,0.55915,0.56193,21066890
VN30,11/7/13,0.56163,0.56275,0.55907,0.55912,28146450
VN30,11/8/13,0.5584,0.55975,0.55715,0.55715,10373660
VN30,11/11/13,0.55702,0.55995,0.55603,0.55932,18937800
VN30,11/12/13,0,0,0,0.55932,0
VN30,11/13/13,0.55433,0.55626,0.55284,0.55309,19380930
VN30,11/14/13,0.55247,0.55573,0.55235,0.55573,18924140
VN30,11/15/13,0,0,0,0.55573,0
VN30,11/18/13,0.56279,0.56705,0.56279,0.56536,35387530
VN30,11/19/13,0.56572,0.56755,0.56489,0.56489,20334110
VN30,11/20/13,0.5648,0.56644,0.56282,0.56644,23864520
VN30,11/21/13,0.56709,0.57165,0.56345,0.56345,41158320
VN30,11/22/13,0.56508,0.56739,0.56287,0.56628,23208230
VN30,11/25/13,0.56666,0.57114,0.56666,0.56742,23758950
VN30,11/26/13,0,0,0,0.56742,0
VN30,11/27/13,0.5711,0.57334,0.5681,0.56833,24717230
VN30,11/28/13,0.56918,0.57085,0.56799,0.57056,16043990
VN30,11/29/13,0.56907,0.57071,0.56813,0.56906,20589980
VN30,12/2/13,0.56966,0.5699,0.56724,0.56887,16927930
VN30,12/3/13,0.56829,0.57572,0.56829,0.57171,37323230
VN30,12/4/13,0.57223,0.57287,0.57046,0.57091,27518870
VN30,12/5/13,0.57069,0.57283,0.56783,0.56918,24494050
VN30,12/6/13,0.56931,0.57154,0.56851,0.57011,20207600
VN30,12/9/13,0.57492,0.57526,0.57275,0.57321,33155520
VN30,12/10/13,0.57415,0.57559,0.57068,0.57213,18692170
VN30,12/11/13,0.57212,0.57228,0.56439,0.56569,28847900
VN30,12/12/13,0,0,0,0.56569,0
VN30,12/13/13,0.56762,0.56969,0.56603,0.56647,15745750
VN30,12/16/13,0.56359,0.56797,0.56093,0.56093,16052310
VN30,12/17/13,0.56188,0.56594,0.56161,0.56594,13958960
VN30,12/18/13,0.56511,0.56655,0.56399,0.56627,13197670
VN30,12/19/13,0.56637,0.56803,0.56532,0.56552,24581040
VN30,12/20/13,0.56598,0.56637,0.56068,0.56068,37626120
VN30,12/23/13,0.56286,0.56679,0.56254,0.56598,23304660
VN30,12/24/13,0.56633,0.56701,0.56285,0.56285,17244600
VN30,12/25/13,0.56368,0.56371,0.55999,0.56118,14080870
VN30,12/26/13,0.56113,0.56475,0.56072,0.56245,17978700
VN30,12/27/13,0.56273,0.56534,0.56228,0.56228,16597760
VN30,12/30/13,0.56227,0.56318,0.55637,0.55637,24078420
VN30,12/31/13,0.55682,0.56354,0.55468,0.5622,18232540
VN30,1/2/14,0.56341,0.56433,0.55989,0.562,14636960
VN30,1/3/14,0.56135,0.56361,0.56098,0.5628,14100180
VN30,1/6/14,0.56389,0.5663,0.56112,0.5663,18331190
VN30,1/7/14,0.56726,0.57139,0.56726,0.56815,23900750
VN30,1/8/14,0.5682,0.57364,0.56661,0.57311,25130860
VN30,1/9/14,0.5724,0.57553,0.5724,0.57553,23410400
VN30,1/10/14,0.57775,0.58107,0.57616,0.57616,29088480
VN30,1/13/14,0.57652,0.579,0.5755,0.57661,25172720
VN30,1/14/14,0.57623,0.58297,0.5758,0.58059,28446290
VN30,1/15/14,0.58212,0.58532,0.58016,0.58307,33365520
VN30,1/16/14,0.58431,0.58946,0.58262,0.58946,30774460
VN30,1/17/14,0.59437,0.61223,0.59437,0.6055,53957380
VN30,1/20/14,0.60709,0.62577,0.60709,0.62069,39268420
VN30,1/21/14,0.62461,0.63408,0.6145,0.63408,36429820
VN30,1/22/14,0.63436,0.64005,0.6257,0.62604,42823640
VN30,1/23/14,0.62408,0.63031,0.62185,0.62662,27034610
VN30,1/24/14,0.62828,0.62838,0.62372,0.62791,30854780
VN30,1/27/14,0,0,0,0,0
VN30,2/6/14,0,0,0,0,0
VN30,2/7/14,0,0,-21474.83648,0,0
VN30,2/10/14,0,0,0,0,0
VN30,2/11/14,0,0,-21474.83648,-21474.83648,0
VN30,2/12/14,0,0,0,0,0
VN30,2/13/14,0,0,0,0,0
VN30,2/14/14,0,0,0,0,0
VN30,2/17/14,0,0,0,0,0
VN30,2/18/14,0,0,-21474.83648,-21474.83648,0
VN30,2/19/14,0,0,0,0,0
VN30,2/20/14,0,0,0,0,0
VN30,2/21/14,0,0,0,0,0
VN30,2/24/14,0,0,0,0,0
VN30,2/25/14,0,0,0,0,0
VN30,2/26/14,0,0,0,0,0
VN30,2/27/14,0,0,0,0,0
VN30,2/28/14,0,0,-21474.83648,-21474.83648,0
VN30,3/3/14,0,0,0,0,0
VN30,3/4/14,0,0,0,0,0
VN30,3/5/14,0,0,0,0,0
VN30,3/6/14,0,0,0,0,0
VN30,3/7/14,0,0,0,0,0
VN30,3/10/14,0,0,0,0,0
VN30,3/11/14,0,0,0,0,0
VN30,3/12/14,0,0,0,0,0
VN30,3/13/14,0,0,0,0,0
VN30,3/14/14,0,0,0,0,0
VN30,3/17/14,0,0,-21474.83648,-21474.83648,0
VN30,3/18/14,0,0,0,0,0
VN30,3/19/14,0,0,0,0,0
VN30,3/24/14,0,0,0,0,0
VN30,3/25/14,0,10737.41824,-21474.83648,-10737.41824,0
VN30,3/26/14,0,0,0,0,0
VN30,3/27/14,0,0,0,0,0
VN30,3/28/14,0,0,-21474.83648,-21474.83648,0
VN30,3/31/14,16106.12736,16106.12736,0,0,0
VN30,4/1/14,0,0,0,0,0
VN30,4/2/14,0,0,-21474.83648,-21474.83648,0
VN30,4/3/14,0,0,0,0,0
VN30,4/4/14,0,16106.12736,-21474.83648,16106.12736,0
VN30,4/7/14,0,0,0,0,0
VN30,4/8/14,0,0,0,0,0
VN30,4/10/14,0,0,-21474.83648,-21474.83648,0
VN30,4/11/14,0,0,0,0,0
VN30,4/14/14,0,0,-21474.83648,-21474.83648,0
VN30,4/15/14,0,0,0,0,0
VN30,4/16/14,0,0,-21474.83648,-21474.83648,0
VN30,4/17/14,0,0,-10737.41824,-10737.41824,0
VN30,4/18/14,0,0,0,0,0
VN30,6/9/14,0,0,0,0,0
VN30,6/10/14,0,0,0,0,0
VN30,6/11/14,0,0,0,0,0
VN30,6/12/14,0,0,0,0,0
VN30,6/13/14,0,0,0,0,0
VN30,6/16/14,0,10737.41824,0,10737.41824,0
VN30,6/17/14,0,0,0,0,0
VN30,6/18/14,0,0,-21474.83648,-21474.83648,0
VN30,6/19/14,0,0,0,0,0
VN30,6/20/14,0,0,0,0,0
VN30,6/23/14,0,0,0,0,0
VN30,6/24/14,0,0,-21474.83648,-21474.83648,0
VN30,6/25/14,0,0,0,0,0
VN30,6/26/14,0,0,0,0,0
VN30,6/27/14,0,0,-21474.83648,-21474.83648,0
VN30,6/30/14,0,0,0,0,0
VN30,7/1/14,0,0,0,0,0
VN30,7/2/14,0,0,0,0,0
VN30,7/3/14,0,0,0,0,0
VN30,7/4/14,0,10737.41824,-21474.83648,-10737.41824,0
VN30,7/7/14,0,0,0,0,0
VN30,7/8/14,0,0,0,0,0
VN30,7/9/14,0,0,0,0,0
VN30,7/10/14,0,0,0,0,0
VN30,7/11/14,0,0,0,0,0
VN30,7/14/14,0,0,0,0,0
VN30,7/15/14,0,16106.12736,-13421.7728,-8053.06368,0
VN30,7/16/14,0,0,0,0,0
VN30,7/17/14,0,0,0,0,0
VN30,7/18/14,0,16106.12736,-10737.41824,-5368.70912,0
VN30,7/21/14,0,0,0,0,0
VN30,7/22/14,0,0,0,0,0
VN30,7/23/14,0,0,0,0,0
VN30,7/24/14,0,0,0,0,0
VN30,7/25/14,0,0,0,0,0
VN30,7/28/14,0,0,-21474.83648,-21474.83648,0
VN30,7/29/14,0,0,0,0,0
VN30,7/30/14,0,0,0,0,0
VN30,7/31/14,0,0,0,0,0
VN30,8/1/14,0,0,-21474.83648,-21474.83648,0
VN30,8/4/14,0,0,0,0,0
VN30,8/5/14,0,0,0,0,0
VN30,8/6/14,0,10737.41824,-21474.83648,10737.41824,0
VN30,8/7/14,0,0,0,0,0
VN30,8/8/14,0,0,0,0,0
VN30,8/11/14,0,0,0,0,0
VN30,8/12/14,0,0,0,0,0
VN30,8/13/14,0,0,0,0,0
VN30,8/14/14,0,0,0,0,0
VN30,8/15/14,0,0,-21474.83648,-21474.83648,0
VN30,8/18/14,0,0,-21474.83648,-21474.83648,0
VN30,8/19/14,0,0,-21474.83648,-21474.83648,0
VN30,8/20/14,0,0,0,0,0
VN30,8/21/14,0,10737.41824,-21474.83648,10737.41824,0
VN30,8/22/14,0,0,0,0,0
VN30,8/25/14,0,10737.41824,-21474.83648,-10737.41824,0
VN30,8/26/14,0,0,0,0,0
VN30,8/27/14,0,0,0,0,0
VN30,8/28/14,0,0,0,0,0
VN30,8/29/14,0,0,0,0,0
VN30,9/3/14,0,0,-21474.83648,-21474.83648,0
VN30,9/4/14,0,10737.41824,-21474.83648,10737.41824,0
VN30,9/5/14,0,0,0,0,0
VN30,9/8/14,0,0,-21474.83648,-21474.83648,0
VN30,9/9/14,0,10737.41824,-21474.83648,0,0
VN30,9/10/14,0,0,0,0,0
VN30,9/11/14,0,0,0,0,0
VN30,9/12/14,0,0,0,0,0
VN30,9/15/14,0,0,0,0,0
VN30,9/16/14,0,0,0,0,0
VN30,9/17/14,0,0,0,0,0
VN30,9/18/14,0,0,0,0,0
VN30,9/19/14,0,0,0,0,0
VN30,9/22/14,0,10737.41824,0,10737.41824,0
VN30,9/23/14,0,0,0,0,0
VN30,9/24/14,0,10737.41824,0,10737.41824,0
VN30,9/25/14,0,0,0,0,0
VN30,9/26/14,0,0,0,0,0
VN30,9/29/14,0,0,-21474.83648,0,0
VN30,9/30/14,0,0,0,0,0
VN30,10/1/14,0,0,-21474.83648,-21474.83648,0
VN30,10/2/14,0,0,0,0,0
VN30,10/3/14,0,0,-10737.41824,-10737.41824,0
VN30,10/6/14,0,0,0,0,0
VN30,10/7/14,0,0,0,0,0
VN30,10/8/14,0,0,0,0,0
VN30,10/9/14,0,0,-21474.83648,-21474.83648,0
VN30,10/10/14,0,0,0,0,0
VN30,10/13/14,0,0,0,0,0
VN30,10/14/14,0,0,0,0,0
VN30,10/15/14,0,0,0,0,0
VN30,10/16/14,0,0,0,0,0
VN30,10/17/14,0,10737.41824,-21474.83648,0,0
VN30,10/20/14,0,0,-21474.83648,0,0
VN30,10/21/14,0,0,0,0,0
VN30,10/22/14,0,0,0,0,0
VN30,10/23/14,0,0,0,0,0
VN30,10/24/14,0,0,0,0,0
VN30,10/27/14,0,0,0,0,0
VN30,10/28/14,0,10737.41824,-21474.83648,10737.41824,0
VN30,10/29/14,0,0,0,0,0
VN30,10/30/14,0,0,0,0,0
VN30,10/31/14,0,0,0,0,0
VN30,11/3/14,0,0,-10737.41824,-10737.41824,0
VN30,11/4/14,0,0,0,0,0
VN30,11/5/14,0,0,-10737.41824,-10737.41824,0
VN30,11/6/14,0,0,0,0,0
VN30,11/7/14,0,0,0,0,0
VN30,11/10/14,0,0,0,0,0
VN30,11/11/14,0,0,0,0,0
VN30,11/12/14,0,0,0,0,0
VN30,11/13/14,0,0,0,0,0
VN30,11/14/14,0,0,0,0,0
VN30,11/17/14,0,0,0,0,0
VN30,11/18/14,0,10737.41824,0,10737.41824,0
VN30,11/19/14,0,0,-21474.83648,-21474.83648,0
VN30,11/20/14,0,0,0,0,0
VN30,11/21/14,0,0,0,0,0
VN30,11/24/14,0,0,0,0,0
VN30,11/25/14,0,10737.41824,-21474.83648,10737.41824,0
VN30,11/26/14,0,0,0,0,0
VN30,11/27/14,0,10737.41824,-21474.83648,10737.41824,0
VN30,11/28/14,0,0,0,0,0
VN30,12/1/14,0,0,0,0,0
VN30,12/2/14,0,0,-21474.83648,-21474.83648,0
VN30,12/3/14,0,0,0,0,0
VN30,12/4/14,0,0,0,0,0
VN30,12/5/14,0,0,0,0,0
VN30,12/8/14,0,10737.41824,0,10737.41824,0
VN30,12/9/14,0,0,0,0,0
VN30,12/10/14,0,0,0,0,0
VN30,12/11/14,0,0,0,0,0
VN30,12/12/14,0,0,0,0,0
VN30,12/15/14,0,0,0,0,0
VN30,12/16/14,0,0,0,0,0
VN30,12/17/14,0,0,0,0,0
VN30,12/18/14,0,0,0,0,0
VN30,12/19/14,0,0,0,0,0
VN30,12/22/14,-10737.41824,10737.41824,-18790.48192,-18790.48192,0
VN30,12/23/14,0,0,-13421.7728,-13421.7728,0
VN30,12/24/14,0,0,-21474.83648,-21474.83648,0
VN30,12/25/14,-16106.12736,5368.70912,-16106.12736,-5368.70912,0
VN30,12/26/14,0,10737.41824,0,10737.41824,0
VN30,12/29/14,0,0,-21474.83648,0,0
VN30,12/30/14,0,0,0,0,0
VN30,12/31/14,0,0,0,0,0
VN30,1/5/15,0,0,0,0,0
VN30,1/6/15,0,5368.70912,-5368.70912,-5368.70912,0
VN30,1/7/15,0,0,0,0,0
VN30,1/8/15,0,0,0,0,0
VN30,1/9/15,0,0,-21474.83648,-21474.83648,0
VN30,1/12/15,0,0,0,0,0
VN30,1/13/15,0,0,0,0,0
VN30,1/14/15,0,0,0,0,0
VN30,1/15/15,0,10737.41824,-10737.41824,-10737.41824,0
VN30,1/16/15,0,0,0,0,0
VN30,1/19/15,0,0,0,0,0
VN30,1/20/15,0,0,0,0,0
VN30,1/21/15,0,0,-21474.83648,-21474.83648,0
VN30,1/22/15,0,0,0,0,0
VN30,1/23/15,0,20132.6592,-21474.83648,20132.6592,0
VN30,1/26/15,0,0,0,0,0
VN30,1/27/15,0,0,0,0,0
VN30,1/28/15,0,0,0,0,0
VN30,1/29/15,0,0,0,0,0
VN30,1/30/15,0,0,0,0,0
VN30,2/2/15,0,10737.41824,-21474.83648,10737.41824,0
VN30,2/3/15,0,0,0,0,0
VN30,2/4/15,0,0,0,0,0
VN30,2/5/15,0,0,0,0,0
VN30,2/6/15,0,0,0,0,0
VN30,2/9/15,0,0,0,0,0
VN30,2/10/15,0,0,-21474.83648,-21474.83648,0
VN30,2/11/15,0,0,0,0,0
VN30,2/13/15,0,0,0,0,0
VN30,2/24/15,0,0,0,0,0
VN30,2/25/15,0,0,0,0,0
VN30,2/26/15,0,0,0,0,0
VN30,2/27/15,0,0,0,0,0
VN30,3/2/15,0,10737.41824,0,10737.41824,0
VN30,3/3/15,0,0,0,0,0
VN30,3/4/15,0,0,0,0,0
VN30,3/5/15,0,0,-21474.83648,-21474.83648,0
VN30,3/6/15,0,0,0,0,0
VN30,3/9/15,0,0,0,0,0
VN30,3/10/15,0,0,-21474.83648,0,0
VN30,3/11/15,0,0,0,0,0
VN30,3/12/15,0,0,0,0,0
VN30,3/13/15,0,0,0,0,0
VN30,3/16/15,0,0,0,0,0
VN30,3/17/15,0,0,0,0,0
VN30,3/18/15,0,0,0,0,0
VN30,3/19/15,0,0,0,0,0
VN30,3/20/15,0,0,0,0,0
VN30,3/23/15,0,0,0,0,0
VN30,3/24/15,0,0,0,0,0
VN30,3/25/15,0,0,0,0,0
VN30,3/26/15,0,0,0,0,0
VN30,3/27/15,0,0,0,0,0
VN30,3/30/15,-10737.41824,16106.12736,-21474.83648,8053.06368,0
VN30,3/31/15,0,0,0,0,0
VN30,4/1/15,0,0,0,0,0
VN30,4/2/15,0,0,0,0,0
VN30,4/3/15,0,0,0,0,0
VN30,4/6/15,0,0,-21474.83648,-21474.83648,0
VN30,4/7/15,0,0,0,0,0
VN30,4/8/15,0,0,0,0,0
VN30,4/9/15,0,0,-21474.83648,-10737.41824,0
VN30,4/10/15,0,10737.41824,-21474.83648,10737.41824,0
VN30,4/13/15,0,0,0,0,0
VN30,4/14/15,0,0,0,0,0
VN30,4/15/15,0,0,0,0,0
VN30,4/16/15,0,0,0,0,0
VN30,4/17/15,0,0,0,0,0
VN30,4/20/15,0,0,0,0,0
VN30,4/21/15,0,0,0,0,0
VN30,4/22/15,0,0,0,0,0
VN30,4/23/15,0,0,0,0,0
VN30,4/24/15,0,0,0,0,0
VN30,4/27/15,0,0,-21474.83648,-21474.83648,0
VN30,5/4/15,0,0,0,0,0
VN30,5/5/15,0,0,-21474.83648,0,0
VN30,5/6/15,0,0,0,0,0
VN30,5/7/15,0,0,0,0,0
VN30,5/8/15,0,0,0,0,0
VN30,5/11/15,0,0,-21474.83648,-21474.83648,0
VN30,5/12/15,0,0,-21474.83648,-21474.83648,0
VN30,5/13/15,0,0,0,0,0
VN30,5/14/15,0,0,0,0,0
VN30,5/15/15,0,0,0,0,0
VN30,5/18/15,0,0,0,0,0
VN30,5/19/15,0,10737.41824,-21474.83648,10737.41824,0
VN30,5/20/15,0,0,0,0,0
VN30,5/21/15,-21474.83648,10737.41824,-21474.83648,10737.41824,0
VN30,5/22/15,0,0,0,0,0
VN30,5/25/15,0,0,0,0,0
VN30,5/26/15,0,0,0,0,0
VN30,5/27/15,0,0,0,0,0
VN30,5/28/15,0,0,0,0,0
VN30,5/29/15,0,0,0,0,0
VN30,6/1/15,0,0,0,0,0
VN30,6/2/15,0,0,0,0,0
VN30,6/3/15,0,0,0,0,0
VN30,6/4/15,0,0,0,0,0
VN30,6/5/15,0,0,0,0,0
VN30,6/8/15,0,0,0,0,0
VN30,6/9/15,0,0,0,0,0
VN30,6/10/15,0,0,0,0,0
VN30,6/11/15,0,0,0,0,0
VN30,6/12/15,0,0,0,0,0
VN30,6/15/15,0,0,0,0,0
VN30,6/16/15,0,0,-21474.83648,-21474.83648,0
VN30,6/17/15,0,0,0,0,0
VN30,6/18/15,0,0,-21474.83648,-21474.83648,0
VN30,6/19/15,0,0,-21474.83648,-21474.83648,0
VN30,6/22/15,0,0,-21474.83648,-21474.83648,0
VN30,6/23/15,0,0,-21474.83648,-21474.83648,0
VN30,6/24/15,0,0,0,0,0
VN30,6/25/15,0,0,0,0,0
VN30,6/26/15,0,5368.70912,-10737.41824,5368.70912,0
VN30,6/29/15,0,0,-21474.83648,-5368.70912,0
VN30,6/30/15,0,0,-21474.83648,-21474.83648,0
VN30,7/1/15,0,10737.41824,-10737.41824,-10737.41824,0
VN30,7/2/15,0,0,-21474.83648,0,0
VN30,7/3/15,0,0,0,0,0
VN30,7/6/15,0,0,0,0,0
VN30,7/7/15,0,0,0,0,0
VN30,7/8/15,0,10737.41824,-10737.41824,10737.41824,0
VN30,7/9/15,0,0,0,0,0
VN30,7/10/15,0,0,0,0,0
VN30,7/13/15,0,0,0,0,0
VN30,7/14/15,0,0,0,0,0
VN30,7/15/15,0,0,0,0,0
VN30,7/16/15,0,10737.41824,0,0,0
VN30,7/17/15,0,0,-21474.83648,-21474.83648,0
VN30,7/20/15,0,0,0,0,0
VN30,7/21/15,0,0,0,0,0
VN30,7/22/15,0,0,0,0,0
VN30,7/23/15,0,0,0,0,0
VN30,7/24/15,0,0,0,0,0
VN30,7/25/15,0,0,0,0,0
VN30,7/27/15,0,0,0,0,0
VN30,7/28/15,0,0,0,0,0
VN30,7/29/15,0,0,0,0,0
VN30,7/30/15,0,0,0,0,0
VN30,7/31/15,0,0,0,0,0
VN30,8/3/15,0,0,-21474.83648,-21474.83648,0
VN30,8/4/15,0,0,0,0,0
VN30,8/5/15,0,0,-21474.83648,-21474.83648,0
VN30,8/6/15,0,0,0,0,0
VN30,8/7/15,0,0,-21474.83648,-10737.41824,0
VN30,8/10/15,0,0,0,0,0
VN30,8/11/15,0,5368.70912,-10737.41824,5368.70912,0
VN30,8/12/15,0,0,0,0,0
VN30,8/13/15,0,0,0,0,0
VN30,8/14/15,0,0,0,0,0
VN30,8/17/15,0,0,0,0,0
VN30,8/18/15,0,0,0,0,0
VN30,8/19/15,0,0,0,0,0
VN30,8/20/15,0,0,0,0,0
VN30,8/21/15,0,0,0,0,0
VN30,8/24/15,0,0,-21474.83648,-21474.83648,0
VN30,8/25/15,0,0,-21474.83648,-21474.83648,0
VN30,8/26/15,0,0,0,0,0
VN30,8/27/15,0,0,0,0,0
VN30,8/28/15,0,10737.41824,-21474.83648,10737.41824,0
VN30,8/31/15,0,18790.48192,-13421.7728,18790.48192,0
VN30,9/1/15,0,0,-10737.41824,-10737.41824,0
VN30,9/3/15,0,0,0,0,0
VN30,9/4/15,0,0,0,0,0
VN30,9/7/15,0,10737.41824,-10737.41824,10737.41824,0
VN30,9/8/15,0,0,-21474.83648,0,0
VN30,9/9/15,0,0,0,0,0
VN30,9/10/15,0,0,0,0,0
VN30,9/11/15,0,0,0,0,0
VN30,9/14/15,0,0,-21474.83648,-21474.83648,0
VN30,9/15/15,0,0,0,0,0
VN30,9/16/15,0,0,-21474.83648,-21474.83648,0
VN30,9/17/15,0,0,0,0,0
VN30,9/18/15,0,0,-21474.83648,-21474.83648,0
VN30,9/21/15,0,0,0,0,0
VN30,9/22/15,0,0,-21474.83648,-21474.83648,0
VN30,9/23/15,0,0,0,0,0
VN30,9/24/15,0,0,-21474.83648,-21474.83648,0
VN30,9/25/15,0,0,0,0,0
VN30,9/28/15,0,0,0,0,0
VN30,9/29/15,0,0,0,0,0
VN30,9/30/15,0,0,0,0,0
VN30,10/1/15,0,0,0,0,0
VN30,10/2/15,0,0,0,0,0
VN30,10/5/15,0,0,-21474.83648,0,0
VN30,10/6/15,0,0,0,0,0
VN30,10/7/15,0,0,-21474.83648,-21474.83648,0
VN30,10/8/15,-13421.7728,18790.48192,-13421.7728,0,0
VN30,10/9/15,0,0,0,0,0
VN30,10/12/15,0,16106.12736,-21474.83648,10737.41824,0
VN30,10/13/15,0,16106.12736,-16106.12736,16106.12736,0
VN30,10/14/15,0,0,0,0,0
VN30,10/15/15,0,0,0,0,0
VN30,10/16/15,0,0,0,0,0
VN30,10/19/15,0,0,0,0,0
VN30,10/20/15,0,0,0,0,0
VN30,10/21/15,0,0,0,0,0
VN30,10/22/15,0,0,0,0,0
VN30,10/23/15,0,0,0,0,0
VN30,10/26/15,0,0,-21474.83648,-21474.83648,0
VN30,10/27/15,0,0,0,0,0
VN30,10/28/15,0,0,0,0,0
VN30,10/29/15,0,0,0,0,0
VN30,10/30/15,0,0,-21474.83648,-21474.83648,0
VN30,11/2/15,0,10737.41824,-10737.41824,10737.41824,0
VN30,11/3/15,0,0,0,0,0
VN30,11/4/15,-21474.83648,10737.41824,-21474.83648,-5368.70912,0
VN30,11/5/15,0,0,0,0,0
VN30,11/6/15,0,0,0,0,0
VN30,11/9/15,0,0,-21474.83648,0,0
VN30,11/10/15,0,0,0,0,0
VN30,11/11/15,0,0,0,0,0
VN30,11/12/15,0,0,0,0,0
VN30,11/13/15,0,10737.41824,-10737.41824,10737.41824,0
VN30,11/16/15,0,0,0,0,0
VN30,11/17/15,0,0,0,0,0
VN30,11/18/15,0,0,0,0,0
VN30,11/19/15,0,0,0,0,0
VN30,11/20/15,0,0,0,0,0
VN30,11/23/15,0,0,0,0,0
VN30,11/24/15,0,0,-21474.83648,-5368.70912,0
VN30,11/25/15,0,0,0,0,0
VN30,11/26/15,0,0,0,0,0
VN30,11/27/15,0,0,0,0,0
VN30,12/7/15,0,0,0,0,0
VN30,12/8/15,0,0,-21474.83648,-21474.83648,0
VN30,12/9/15,0,0,-21474.83648,-21474.83648,0
VN30,12/10/15,0,10737.41824,0,0,0
VN30,12/11/15,0,0,-21474.83648,-21474.83648,0
VN30,12/16/15,0,0,0,0,0
VN30,1/19/16,0,0,0,0,0
VN30,1/20/16,0,0,-21474.83648,-10737.41824,0
VN30,1/21/16,0,0,0,0,0
VN30,1/22/16,0,0,-21474.83648,-21474.83648,0
VN30,1/25/16,0,16106.12736,-21474.83648,16106.12736,0
VN30,1/26/16,0,0,-21474.83648,-21474.83648,0
VN30,1/27/16,0,0,-21474.83648,-21474.83648,0
VN30,1/28/16,0,0,0,0,0
VN30,1/29/16,0,0,-21474.83648,-10737.41824,0
VN30,2/1/16,0,0,0,0,0
VN30,2/2/16,0,0,0,0,0
VN30,2/3/16,0,0,-21474.83648,-21474.83648,0
VN30,2/4/16,0,0,-21474.83648,0,0
VN30,2/5/16,0,0,0,0,0
VN30,2/15/16,0,0,-21474.83648,-21474.83648,0
VN30,2/16/16,0,0,0,0,0
VN30,2/17/16,0,0,0,0,0
VN30,2/18/16,0,0,0,0,0
VN30,2/19/16,0,0,-21474.83648,0,0
VN30,2/22/16,0,0,0,0,0
VN30,2/23/16,0,0,-21474.83648,-21474.83648,0
VN30,2/24/16,0,0,-21474.83648,0,0
VN30,2/25/16,0,16106.12736,-16106.12736,16106.12736,0
VN30,2/26/16,0,0,0,0,0
VN30,2/29/16,0,0,0,0,0
VN30,3/1/16,0,0,0,0,0
VN30,3/2/16,0,0,0,0,0
VN30,3/3/16,0,0,0,0,0
VN30,3/4/16,0,0,0,0,0
VN30,3/7/16,0,0,0,0,0
VN30,3/8/16,0,0,0,0,0
VN30,3/9/16,0,0,0,0,0
VN30,3/10/16,0,0,0,0,0
VN30,3/11/16,0,0,0,0,0
VN30,3/14/16,0,20132.6592,-21474.83648,20132.6592,0
VN30,3/15/16,0,0,-21474.83648,-21474.83648,0
VN30,3/16/16,0,0,0,0,0
VN30,3/17/16,0,10737.41824,-21474.83648,-16106.12736,0
VN30,3/18/16,10737.41824,18790.48192,-8053.06368,4026.53184,0
VN30,3/21/16,0,0,-10737.41824,-10737.41824,0
VN30,3/22/16,0,0,0,0,0
VN30,3/23/16,0,0,0,0,0
VN30,3/24/16,0,0,-10737.41824,-10737.41824,0
VN30,3/25/16,0,0,-21474.83648,-21474.83648,0
VN30,3/28/16,0,0,0,0,0
VN30,3/29/16,0,0,-5368.70912,-5368.70912,0
VN30,3/30/16,0,10737.41824,-21474.83648,10737.41824,0
VN30,3/31/16,0,5368.70912,-21474.83648,5368.70912,0
VN30,4/1/16,0,0,0,0,0
VN30,4/4/16,0,0,0,0,0
VN30,4/5/16,0,0,-5368.70912,-5368.70912,0
VN30,4/6/16,0,16106.12736,-5368.70912,-5368.70912,0
VN30,4/7/16,0,0,0,0,0
VN30,4/8/16,0,0,0,0,0
VN30,4/11/16,0,0,0,0,0
VN30,4/12/16,0,10737.41824,-21474.83648,-16106.12736,0
VN30,4/13/16,0,0,0,0,0
VN30,4/14/16,0,0,-21474.83648,-21474.83648,0
VN30,4/15/16,0,0,0,0,0
VN30,4/19/16,0,0,0,0,0
VN30,4/20/16,0,0,-21474.83648,-21474.83648,0
VN30,4/21/16,0,0,0,0,0
VN30,4/22/16,0,0,0,0,0
VN30,4/25/16,0,0,0,0,0
VN30,4/26/16,0,10737.41824,0,10737.41824,0
VN30,4/27/16,0,0,0,0,0
VN30,4/28/16,0,0,0,0,0
VN30,4/29/16,0,0,-21474.83648,-21474.83648,0
VN30,5/4/16,0,0,0,0,0
VN30,5/5/16,0,10737.41824,-21474.83648,-10737.41824,0
VN30,5/6/16,0,0,0,0,0
VN30,5/9/16,0,10737.41824,0,10737.41824,0
VN30,5/10/16,0,10737.41824,-21474.83648,-21474.83648,0
VN30,5/11/16,0,16106.12736,-16106.12736,-10737.41824,0
VN30,5/12/16,0,0,0,0,0
VN30,5/13/16,0,0,0,0,0
VN30,5/16/16,0,0,-21474.83648,-21474.83648,0
VN30,5/17/16,0,0,-21474.83648,-21474.83648,0
VN30,5/18/16,0,2684.35456,-21474.83648,-18790.48192,0
VN30,5/19/16,-21474.83648,16106.12736,-21474.83648,10737.41824,0
VN30,5/20/16,0,0,-21474.83648,-5368.70912,0
VN30,5/23/16,0,0,-21474.83648,-21474.83648,0
VN30,5/24/16,0,10737.41824,-21474.83648,-21474.83648,0
VN30,5/25/16,0,10737.41824,-21474.83648,-10737.41824,0
VN30,5/26/16,0,0,-10737.41824,-10737.41824,0
VN30,5/27/16,0,0,-21474.83648,0,0
VN30,5/30/16,0,0,-21474.83648,-21474.83648,0
VN30,5/31/16,0,0,-21474.83648,-21474.83648,0
VN30,6/1/16,0,10737.41824,-21474.83648,10737.41824,0
VN30,6/2/16,0,0,0,0,0
VN30,6/3/16,0,0,-21474.83648,0,0
VN30,6/6/16,0,0,0,0,0
VN30,6/7/16,0,0,0,0,0
VN30,6/8/16,0,0,0,0,0
VN30,6/9/16,0,0,0,0,0
VN30,6/10/16,0,0,0,0,0
VN30,6/13/16,0,0,-21474.83648,-10737.41824,0
VN30,6/14/16,0,0,0,0,0
VN30,6/15/16,0,0,0,0,0
VN30,6/16/16,0,0,0,0,0
VN30,6/17/16,0,0,0,0,0
VN30,6/20/16,0,10737.41824,-10737.41824,-10737.41824,0
VN30,6/21/16,0,0,-21474.83648,-21474.83648,0
VN30,6/22/16,0,0,0,0,0
VN30,6/23/16,0,0,0,0,0
VN30,6/24/16,0,0,0,0,0
VN30,6/27/16,0,0,0,0,0
VN30,6/28/16,0,0,0,0,0
VN30,6/29/16,0,0,0,0,0
VN30,6/30/16,0,0,0,0,0
VN30,7/1/16,0,10737.41824,-10737.41824,-10737.41824,0
VN30,7/4/16,0,0,-21474.83648,-21474.83648,0
VN30,7/5/16,0,0,0,0,0
VN30,7/6/16,0,10737.41824,0,10737.41824,0
VN30,7/7/16,0,0,0,0,0
VN30,7/8/16,0,0,0,0,0
VN30,7/11/16,0,0,0,0,0
VN30,7/12/16,0,0,0,0,0
VN30,7/13/16,0,10737.41824,-21474.83648,10737.41824,0
VN30,7/14/16,0,0,0,0,0
VN30,7/15/16,0,0,-21474.83648,-16106.12736,0
VN30,7/18/16,0,0,0,0,0
VN30,7/19/16,0,0,0,0,0
VN30,7/20/16,0,0,0,0,0
VN30,7/21/16,0,0,0,0,0
VN30,7/22/16,0,0,-21474.83648,-21474.83648,0
VN30,7/25/16,0,0,0,0,0
VN30,7/26/16,0,0,0,0,0
VN30,7/27/16,0,0,-21474.83648,-21474.83648,0
VN30,7/28/16,0,0,-21474.83648,-21474.83648,0
VN30,7/29/16,0,0,0,0,0
VN30,8/1/16,0,0,0,0,0
VN30,8/2/16,0,0,0,0,0
VN30,8/3/16,0,0,0,0,0
VN30,8/4/16,0,0,0,0,0
VN30,8/5/16,0,0,0,0,0
VN30,8/8/16,0,0,0,0,0
VN30,8/9/16,0,0,0,0,0
VN30,8/10/16,0,0,0,0,0
VN30,8/11/16,0,0,0,0,0
VN30,8/12/16,0,0,0,0,0
VN30,8/15/16,0,0,0,0,0
VN30,8/16/16,0,10737.41824,-21474.83648,-21474.83648,0
VN30,8/17/16,0,0,0,0,0
VN30,8/18/16,0,10737.41824,0,10737.41824,0
VN30,8/19/16,0,10737.41824,-21474.83648,10737.41824,0
VN30,8/22/16,0,0,0,0,0
VN30,8/23/16,0,0,0,0,0
VN30,8/24/16,0,0,0,0,0
VN30,8/25/16,0,0,-21474.83648,-21474.83648,0
VN30,8/26/16,0,0,0,0,0
VN30,8/29/16,0,0,0,0,0
VN30,8/30/16,0,0,0,0,0
VN30,9/1/16,0,0,0,0,0
VN30,9/5/16,0,0,0,0,0
VN30,9/6/16,0,0,0,0,0
VN30,9/7/16,0,0,0,0,0
VN30,9/8/16,0,0,0,0,0
VN30,9/9/16,0,0,-21474.83648,-21474.83648,0
VN30,9/12/16,0,0,-21474.83648,0,0
VN30,9/13/16,0,10737.41824,0,10737.41824,0
VN30,9/14/16,0,0,0,0,0
VN30,9/15/16,0,0,0,0,0
VN30,9/16/16,0,10737.41824,-21474.83648,-21474.83648,0
VN30,9/19/16,0,0,0,0,0
VN30,9/20/16,0,0,0,0,0
VN30,9/21/16,0,10737.41824,0,10737.41824,0
VN30,9/22/16,0,0,0,0,0
VN30,9/23/16,0,16106.12736,-21474.83648,-8053.06368,0
VN30,9/26/16,0,16106.12736,-21474.83648,-2684.35456,0
VN30,9/27/16,0,0,0,0,0
VN30,9/28/16,0,0,0,0,0
VN30,9/29/16,0,0,0,0,0
VN30,9/30/16,0,0,0,0,0
VN30,10/3/16,0,0,-21474.83648,-10737.41824,0
VN30,10/4/16,0,0,0,0,0
VN30,10/5/16,0,0,0,0,0
VN30,10/6/16,0,10737.41824,0,10737.41824,0
VN30,10/7/16,0,0,0,0,0
VN30,10/10/16,0,0,-21474.83648,-21474.83648,0
VN30,10/11/16,0,0,-10737.41824,-10737.41824,0
VN30,10/12/16,0,0,0,0,0
VN30,10/13/16,0,0,-21474.83648,0,0
VN30,10/17/16,0,0,0,0,0
VN30,10/18/16,0,10737.41824,-21474.83648,10737.41824,0
VN30,10/19/16,0,16106.12736,-21474.83648,-21474.83648,0
VN30,10/20/16,0,16106.12736,0,16106.12736,0
VN30,10/21/16,0,16106.12736,-21474.83648,16106.12736,0
VN30,10/24/16,0,16106.12736,-21474.83648,5368.70912,0
VN30,10/25/16,0,10737.41824,-5368.70912,-5368.70912,0
VN30,10/26/16,0,10737.41824,0,10737.41824,0
VN30,10/27/16,0,0,0,0,0
VN30,10/28/16,0,0,0,0,0
VN30,10/31/16,0,0,-21474.83648,-21474.83648,0
VN30,11/1/16,0,0,0,0,0
VN30,11/2/16,0,0,-21474.83648,-21474.83648,0
VN30,11/3/16,0,0,-10737.41824,-5368.70912,0
VN30,11/4/16,0,0,-10737.41824,-10737.41824,0
VN30,11/7/16,0,0,0,0,0
VN30,11/8/16,0,10737.41824,-21474.83648,0,0
VN30,11/9/16,0,0,-21474.83648,-21474.83648,0
VN30,11/10/16,0,0,-21474.83648,-10737.41824,0
VN30,11/11/16,0,0,-21474.83648,-21474.83648,0
VN30,11/14/16,0,0,-21474.83648,-21474.83648,0
VN30,11/15/16,0,0,-21474.83648,-21474.83648,0
VN30,11/16/16,0,0,0,0,0
VN30,11/17/16,0,0,0,0,0
VN30,11/18/16,0,0,0,0,0
VN30,11/21/16,0,0,0,0,0
VN30,11/22/16,0,0,0,0,0
VN30,11/23/16,0,0,0,0,0
VN30,11/24/16,0,0,0,0,0
VN30,11/25/16,0,0,0,0,0
VN30,11/28/16,0,0,-21474.83648,0,0
VN30,11/29/16,0,0,0,0,0
VN30,11/30/16,0,0,0,0,0
VN30,12/1/16,0,10737.41824,-21474.83648,-10737.41824,0
VN30,12/2/16,0,18790.48192,-13421.7728,-2684.35456,0
VN30,12/5/16,0,16106.12736,-21474.83648,-16106.12736,0
VN30,12/6/16,0,0,0,0,0
VN30,12/7/16,0,18790.48192,-21474.83648,18790.48192,0
VN30,12/8/16,0,0,0,0,0
VN30,12/9/16,0,0,0,0,0
VN30,12/12/16,0,10737.41824,-21474.83648,10737.41824,0
VN30,12/13/16,0,0,0,0,0
VN30,12/14/16,0,0,0,0,0
VN30,12/15/16,0,10737.41824,-21474.83648,10737.41824,0
VN30,12/16/16,0,10737.41824,-21474.83648,10737.41824,0
VN30,12/19/16,0,10737.41824,-21474.83648,10737.41824,0
VN30,12/20/16,0,0,-21474.83648,-21474.83648,0
VN30,12/21/16,0,0,-21474.83648,-21474.83648,0
VN30,12/22/16,0,0,-21474.83648,-21474.83648,0
VN30,12/23/16,0,16106.12736,-21474.83648,-5368.70912,0
VN30,12/26/16,0,18790.48192,-21474.83648,18790.48192,0
VN30,12/27/16,0,10737.41824,-21474.83648,-2684.35456,0
VN30,12/28/16,0,0,-21474.83648,-21474.83648,0
VN30,12/29/16,0,0,0,0,0
VN30,12/30/16,0,0,0,0,0
VN30,1/3/17,0,0,0,0,0
VN30,1/4/17,0,0,0,0,0
VN30,1/5/17,0,0,-21474.83648,-21474.83648,0
VN30,1/6/17,0,10737.41824,-21474.83648,10737.41824,0
VN30,1/9/17,0,0,-21474.83648,-21474.83648,0
VN30,1/10/17,0,0,0,0,0
VN30,1/11/17,0,0,-21474.83648,0,0
VN30,1/12/17,0,0,0,0,0
VN30,1/13/17,0,0,0,0,0
VN30,1/16/17,0,10737.41824,-21474.83648,0,0
VN30,1/17/17,0,0,0,0,0
VN30,1/18/17,0,0,0,0,0
VN30,1/19/17,0,0,0,0,0
VN30,1/20/17,0,0,0,0,0
VN30,1/23/17,0,0,-21474.83648,-21474.83648,0
VN30,1/24/17,0,0,0,0,0
VN30,1/25/17,0,10737.41824,-21474.83648,-10737.41824,0
VN30,2/2/17,0,0,0,0,0
VN30,2/3/17,0,0,0,0,0
VN30,2/6/17,0,0,0,0,0
VN30,2/7/17,0,10737.41824,-21474.83648,10737.41824,0
VN30,2/8/17,0,0,-21474.83648,-21474.83648,0
VN30,2/9/17,0,0,-21474.83648,-21474.83648,0
VN30,2/10/17,0,0,-21474.83648,0,0
VN30,2/13/17,0,0,0,0,0
VN30,2/14/17,0,0,0,0,0
VN30,2/15/17,0,0,0,0,0
VN30,2/16/17,0,0,0,0,0
VN30,2/17/17,0,0,0,0,0
VN30,2/20/17,0,0,0,0,0
VN30,2/21/17,0,0,-21474.83648,-21474.83648,0
VN30,2/22/17,0,0,0,0,0
VN30,2/23/17,0,0,0,0,0
VN30,2/24/17,0,0,0,0,0
VN30,2/27/17,0,0,0,0,0
VN30,2/28/17,0,0,0,0,0
VN30,3/1/17,0,0,0,0,0
VN30,3/2/17,0,0,0,0,0
VN30,3/3/17,0,0,0,0,0
VN30,3/6/17,0,0,-21474.83648,-21474.83648,0
VN30,3/7/17,0,10737.41824,-21474.83648,-21474.83648,0
VN30,3/8/17,0,10737.41824,-21474.83648,10737.41824,0
VN30,3/9/17,0,0,0,0,0
VN30,3/10/17,0,0,-21474.83648,0,0
VN30,3/13/17,0,0,0,0,0
VN30,3/14/17,0,0,0,0,0
VN30,3/15/17,0,0,0,0,0
VN30,3/16/17,0,0,0,0,0
VN30,3/17/17,0,0,0,0,0
VN30,3/20/17,0,0,-21474.83648,0,0
VN30,3/21/17,0,0,-10737.41824,-10737.41824,0
VN30,3/22/17,0,10737.41824,0,10737.41824,0
VN30,3/23/17,0,0,0,0,0
VN30,3/24/17,0,0,-21474.83648,-21474.83648,0
VN30,3/27/17,0,0,0,0,0
VN30,3/28/17,0,0,-21474.83648,-21474.83648,0
VN30,3/29/17,0,0,-21474.83648,-10737.41824,0
VN30,3/30/17,0,10737.41824,-21474.83648,-10737.41824,0
VN30,3/31/17,0,0,0,0,0
VN30,4/3/17,0,0,0,0,0
VN30,4/4/17,0,0,-21474.83648,-21474.83648,0
VN30,4/5/17,0,0,0,0,0
VN30,4/7/17,0,18790.48192,-2684.35456,-2684.35456,0
VN30,4/10/17,0,0,0,0,0
VN30,4/11/17,0,10737.41824,-21474.83648,10737.41824,0
VN30,4/12/17,0,10737.41824,-21474.83648,-10737.41824,0
VN30,4/13/17,0,10737.41824,-21474.83648,10737.41824,0
VN30,4/14/17,0,0,0,0,0
VN30,4/17/17,0,0,0,0,0
VN30,4/18/17,0,10737.41824,-21474.83648,5368.70912,0
VN30,4/19/17,0,0,0,0,0
VN30,4/20/17,0,10737.41824,-10737.41824,10737.41824,0
VN30,4/21/17,10737.41824,10737.41824,2684.35456,2684.35456,0
VN30,4/24/17,0,10737.41824,-16106.12736,-16106.12736,0
VN30,4/25/17,0,0,-21474.83648,-21474.83648,0
VN30,4/26/17,0,0,0,0,0
VN30,4/27/17,0,10737.41824,-21474.83648,-10737.41824,0
VN30,4/28/17,0,0,0,0,0
VN30,5/3/17,0,0,0,0,0
VN30,5/4/17,0,0,-21474.83648,-21474.83648,0
VN30,5/5/17,0,0,-21474.83648,-10737.41824,0
VN30,5/8/17,0,10737.41824,-21474.83648,-16106.12736,0
VN30,5/9/17,0,0,-21474.83648,0,0
VN30,5/10/17,0,0,-21474.83648,-21474.83648,0
VN30,5/11/17,0,10737.41824,-21474.83648,0,0
VN30,5/12/17,0,10737.41824,0,10737.41824,0
VN30,5/15/17,0,0,0,0,0
VN30,5/16/17,0,0,0,0,0
VN30,5/17/17,0,0,0,0,0
VN30,5/18/17,0,0,-21474.83648,0,0
VN30,5/19/17,0,0,0,0,0
VN30,5/22/17,0,0,-21474.83648,0,0
VN30,5/23/17,0,0,0,0,0
VN30,5/24/17,0,10737.41824,-21474.83648,10737.41824,0
VN30,5/25/17,0,0,-21474.83648,-21474.83648,0
VN30,5/26/17,0,0,-21474.83648,-21474.83648,0
VN30,5/29/17,0,0,0,0,0
VN30,5/30/17,0,0,-21474.83648,-21474.83648,0
VN30,5/31/17,0,0,-21474.83648,0,0
VN30,6/1/17,0,0,-21474.83648,-21474.83648,0
VN30,6/2/17,0,0,-21474.83648,-21474.83648,0
VN30,6/5/17,5368.70912,13421.7728,-16106.12736,-1342.17728,0
VN30,6/6/17,0,0,0,0,0
VN30,6/7/17,0,0,0,0,0
VN30,6/8/17,0,16106.12736,-21474.83648,13421.7728,0
VN30,6/9/17,0,0,0,0,0
VN30,6/12/17,0,0,-21474.83648,-21474.83648,0
VN30,6/13/17,0,16106.12736,-21474.83648,16106.12736,0
VN30,6/14/17,0,0,-21474.83648,0,0
VN30,6/15/17,0,0,0,0,0
VN30,6/16/17,0,0,-21474.83648,-21474.83648,0
VN30,6/19/17,0,0,-21474.83648,-21474.83648,0
VN30,6/20/17,0,10737.41824,-21474.83648,10737.41824,0
VN30,6/21/17,0,10737.41824,-21474.83648,-21474.83648,0
VN30,6/22/17,0,10737.41824,-21474.83648,-10737.41824,0
VN30,6/23/17,0,16106.12736,-16106.12736,5368.70912,0
VN30,6/26/17,0,0,0,0,0
VN30,6/27/17,0,0,-21474.83648,0,0
VN30,6/28/17,0,0,0,0,0
VN30,6/29/17,0,0,0,0,0
VN30,6/30/17,0,10737.41824,-21474.83648,-21474.83648,0
VN30,7/3/17,0,0,-21474.83648,-21474.83648,0
VN30,7/4/17,0,16106.12736,-16106.12736,5368.70912,0
VN30,7/5/17,0,0,0,0,0
VN30,7/6/17,0,0,0,0,0
VN30,7/7/17,0,0,-21474.83648,-10737.41824,0
VN30,7/10/17,0,0,0,0,0
VN30,7/11/17,0,10737.41824,0,0,0
VN30,7/12/17,0,0,0,0,0
VN30,7/13/17,0,0,0,0,0
VN30,7/14/17,0,0,0,0,0
VN30,7/17/17,0,10737.41824,-21474.83648,10737.41824,0
VN30,7/18/17,0,10737.41824,-16106.12736,0,0
VN30,7/19/17,0,10737.41824,0,10737.41824,0
VN30,7/20/17,0,0,0,0,0
VN30,7/21/17,0,0,0,0,0
VN30,7/24/17,0,0,-21474.83648,-21474.83648,0
VN30,7/25/17,0,0,0,0,0
VN30,7/26/17,0,0,-21474.83648,-21474.83648,0
VN30,7/27/17,0,0,0,0,0
VN30,7/28/17,0,0,-21474.83648,-21474.83648,0
VN30,8/1/17,0,0,0,0,0
VN30,8/2/17,0,0,0,0,0
VN30,8/3/17,0,10737.41824,-21474.83648,-10737.41824,0
VN30,8/4/17,0,0,0,0,0
VN30,8/7/17,0,0,0,0,0
VN30,8/8/17,0,0,0,0,0
VN30,8/9/17,0,16106.12736,-16106.12736,10737.41824,0
VN30,8/10/17,0,0,0,0,0
VN30,8/11/17,0,0,0,0,0
VN30,8/14/17,0,10737.41824,-21474.83648,10737.41824,0
VN30,8/15/17,0,0,0,0,0
VN30,8/16/17,0,0,0,0,0
VN30,8/17/17,0,0,-21474.83648,-21474.83648,0
VN30,8/18/17,0,0,-21474.83648,-21474.83648,0
VN30,8/21/17,0,0,0,0,0
VN30,8/22/17,0,0,0,0,0
VN30,8/23/17,0,0,0,0,0
VN30,8/24/17,0,0,0,0,0
VN30,8/25/17,0,0,0,0,0
VN30,8/28/17,0,10737.41824,-21474.83648,-16106.12736,0
VN30,8/29/17,0,0,0,0,0
VN30,8/30/17,0,0,0,0,0
VN30,8/31/17,0,0,0,0,0
VN30,9/1/17,0,0,0,0,0
VN30,9/5/17,0,0,0,0,0
VN30,9/6/17,0,0,0,0,0
VN30,9/7/17,0,0,0,0,0
VN30,9/8/17,0,0,0,0,0
VN30,9/11/17,0,0,-21474.83648,-21474.83648,0
VN30,9/12/17,0,0,-21474.83648,-21474.83648,0
VN30,9/13/17,0,0,0,0,0
VN30,9/14/17,0,0,-21474.83648,-21474.83648,0
VN30,9/15/17,0,0,-10737.41824,-10737.41824,0
VN30,9/18/17,0,0,0,0,0
VN30,9/19/17,0,10737.41824,-21474.83648,10737.41824,0
VN30,9/20/17,0,0,0,0,0
VN30,9/21/17,0,0,0,0,0
VN30,9/22/17,0,0,0,0,0
VN30,9/25/17,0,0,0,0,0
VN30,9/26/17,0,0,-21474.83648,-21474.83648,0
VN30,9/27/17,0,0,0,0,0
VN30,9/28/17,0,18790.48192,-18790.48192,8053.06368,0
VN30,9/29/17,0,0,-21474.83648,0,0
VN30,10/2/17,0,0,-5368.70912,-5368.70912,0
VN30,10/3/17,0,0,-21474.83648,0,0
VN30,10/4/17,0,0,0,0,0
VN30,10/5/17,0,0,-21474.83648,-21474.83648,0
VN30,10/6/17,0,0,0,0,0
VN30,10/9/17,0,0,0,0,0
VN30,10/10/17,0,0,0,0,0
VN30,10/11/17,0,0,-21474.83648,0,0
VN30,10/12/17,0,0,0,0,0
VN30,10/13/17,0,0,0,0,0
VN30,10/16/17,0,0,-10737.41824,-10737.41824,0
VN30,10/17/17,0,0,-21474.83648,0,0
VN30,10/18/17,0,10737.41824,-10737.41824,5368.70912,0
VN30,10/19/17,0,0,-21474.83648,-21474.83648,0
VN30,10/20/17,0,10737.41824,-21474.83648,0,0
VN30,10/23/17,0,10737.41824,-21474.83648,-10737.41824,0
VN30,10/24/17,0,16106.12736,-13421.7728,0,0
VN30,10/25/17,-21474.83648,18790.48192,-21474.83648,18790.48192,0
VN30,10/26/17,0,10737.41824,-21474.83648,-5368.70912,0
VN30,10/27/17,0,10737.41824,-21474.83648,10737.41824,0
VN30,10/30/17,0,0,-21474.83648,0,0
VN30,10/31/17,0,0,-21474.83648,-21474.83648,0
VN30,11/1/17,0,10737.41824,-21474.83648,5368.70912,0
VN30,11/2/17,0,0,-21474.83648,-21474.83648,0
VN30,11/3/17,0,16106.12736,-10737.41824,-5368.70912,0
VN30,11/6/17,0,10737.41824,-21474.83648,10737.41824,0
VN30,11/7/17,0,0,-21474.83648,0,0
VN30,11/8/17,0,0,-21474.83648,0,0
VN30,11/9/17,0,0,-21474.83648,-21474.83648,0
VN30,11/10/17,0,16106.12736,-10737.41824,16106.12736,0
VN30,11/13/17,-5368.70912,20132.6592,-17448.30464,14763.95008,2.000000488
VN30,11/14/17,-21474.83648,18790.48192,-21474.83648,18790.48192,0
VN30,11/15/17,0,10737.41824,-21474.83648,2684.35456,0
VN30,11/16/17,0,10737.41824,-21474.83648,2684.35456,0
VN30,11/17/17,0,16106.12736,-21474.83648,5368.70912,0
VN30,11/20/17,0,0,-10737.41824,-5368.70912,0
VN30,11/21/17,0,0,-21474.83648,-10737.41824,0
VN30,11/22/17,0,16106.12736,0,16106.12736,0
VN30,11/23/17,0,0,-21474.83648,0,0
VN30,11/24/17,0,10737.41824,0,0,0
VN30,11/27/17,0,10737.41824,0,10737.41824,0
VN30,11/28/17,0,10737.41824,-18790.48192,-18790.48192,0
VN30,11/29/17,0,0,0,0,0
VN30,11/30/17,0,10737.41824,-21474.83648,10737.41824,0
VN30,12/1/17,0,0,-21474.83648,-21474.83648,0
VN30,12/4/17,0,10737.41824,-21474.83648,10737.41824,0
VN30,12/5/17,0,0,-21474.83648,-10737.41824,0
VN30,12/6/17,0,10737.41824,-21474.83648,-21474.83648,0
VN30,12/7/17,0,0,-21474.83648,-10737.41824,0
VN30,12/8/17,0,10737.41824,-21474.83648,-10737.41824,0
VN30,12/11/17,0,0,-21474.83648,-21474.83648,0
VN30,12/12/17,0,0,-21474.83648,-21474.83648,0
VN30,12/13/17,0,16106.12736,-21474.83648,-21474.83648,0
VN30,12/14/17,0,0,-21474.83648,-21474.83648,0
VN30,12/15/17,0,0,0,0,0
VN30,12/18/17,0,0,-21474.83648,-10737.41824,0
VN30,12/19/17,0,0,-21474.83648,-21474.83648,0
VN30,12/20/17,0,0,-21474.83648,-10737.41824,0
VN30,12/21/17,0,0,0,0,0
VN30,12/22/17,0,13421.7728,-21474.83648,-13421.7728,0
VN30,12/25/17,0,0,-10737.41824,-10737.41824,0
VN30,12/26/17,0,18790.48192,-8053.06368,-8053.06368,0
VN30,12/27/17,0,10737.41824,-21474.83648,-21474.83648,0
VN30,12/28/17,0,0,0,0,0
VN30,12/29/17,0,10737.41824,-21474.83648,-10737.41824,0
VN30,1/2/18,0,10737.41824,-10737.41824,-10737.41824,0
VN30,1/3/18,0,10737.41824,-21474.83648,10737.41824,0
VN30,1/4/18,0,0,-21474.83648,-21474.83648,0
VN30,1/5/18,0,0,0,0,0
VN30,1/8/18,0,0,-21474.83648,-21474.83648,0
VN30,1/9/18,0,0,-21474.83648,-21474.83648,0
VN30,1/10/18,0,0,-21474.83648,0,0
VN30,1/11/18,0,0,-21474.83648,-21474.83648,0
VN30,1/12/18,0,0,0,0,0
VN30,1/15/18,0,0,-21474.83648,0,0
VN30,1/16/18,0,10737.41824,-21474.83648,10737.41824,0
VN30,1/17/18,0,10737.41824,-21474.83648,0,0
VN30,1/18/18,0,10737.41824,-21474.83648,-10737.41824,0
VN30,1/19/18,0,0,-21474.83648,-21474.83648,0
VN30,1/22/18,0,0,0,0,0
VN30,1/25/18,0,10737.41824,-21474.83648,0,0
VN30,1/26/18,0,0,-21474.83648,0,0
VN30,1/29/18,0,10737.41824,-21474.83648,10737.41824,0
VN30,1/30/18,0,0,-21474.83648,-21474.83648,0
VN30,1/31/18,0,0,-21474.83648,0,0
VN30,2/1/18,0,16106.12736,-21474.83648,-16106.12736,0
VN30,2/2/18,0,0,-21474.83648,-21474.83648,0
VN30,2/5/18,0,0,-21474.83648,-21474.83648,0
VN30,2/6/18,0,10737.41824,-21474.83648,10737.41824,0
VN30,2/7/18,0,0,-21474.83648,-10737.41824,0
VN30,2/8/18,0,0,-21474.83648,-10737.41824,0
VN30,2/9/18,0,0,0,0,0
VN30,2/12/18,0,0,0,0,0
VN30,2/13/18,0,0,-21474.83648,-21474.83648,0
VN30,2/21/18,0,0,-21474.83648,-21474.83648,0
VN30,2/22/18,0,0,-21474.83648,-21474.83648,0
VN30,2/23/18,0,0,-21474.83648,-21474.83648,0
VN30,2/26/18,0,0,0,0,0
VN30,2/27/18,0,0,0,0,0
VN30,2/28/18,0,0,-21474.83648,-21474.83648,0
VN30,3/1/18,0,0,-21474.83648,0,0
VN30,3/2/18,0,0,0,0,0
VN30,3/5/18,0,0,-21474.83648,-21474.83648,0
VN30,3/6/18,0,0,-21474.83648,-21474.83648,0
VN30,3/7/18,0,0,0,0,0
VN30,3/8/18,0,0,0,0,0
VN30,3/9/18,0,0,0,0,0
VN30,3/12/18,0,10960.34702,-10737.41824,10737.41824,0
VN30,3/13/18,0,0,-13706.19903,0,0
VN30,3/14/18,0,0,-21474.83648,-21474.83648,0
VN30,3/15/18,0,0,0,0,0
VN30,3/16/18,0,0,-21474.83648,-21474.83648,0
VN30,3/19/18,0,0,0,0,0
VN30,3/20/18,0,0,0,0,0
VN30,3/21/18,0,0,-21474.83648,0,0
VN30,3/22/18,0,0,0,0,0
VN30,3/23/18,0,10737.41824,-21474.83648,-16106.12736,0
VN30,3/26/18,0,0,0,0,0
VN30,3/27/18,0,10737.41824,-21474.83648,10737.41824,0
VN30,3/28/18,0,16106.12736,-21474.83648,-13421.7728,0
VN30,3/29/18,0,10737.41824,-21474.83648,0,0
VN30,3/30/18,0,10737.41824,-21474.83648,10737.41824,0
VN30,4/2/18,0,0,0,0,0
VN30,4/3/18,0,16106.12736,-10737.41824,16106.12736,0
VN30,4/4/18,0,18790.48192,-21474.83648,-8053.06368,0
VN30,4/5/18,0,10737.41824,-10737.41824,-10737.41824,0
VN30,4/6/18,0,0,0,0,0
VN30,4/9/18,0,0,-21474.83648,0,0
VN30,4/10/18,0,10737.41824,-21474.83648,-21474.83648,0
VN30,4/11/18,0,0,-21474.83648,-8053.06368,0
VN30,4/12/18,0,0,0,0,0
VN30,4/13/18,0,0,-21474.83648,-21474.83648,0
VN30,4/16/18,0,10737.41824,-21474.83648,8053.06368,0
VN30,4/17/18,0,10737.41824,-21474.83648,-21474.83648,0
VN30,4/18/18,0,0,-21474.83648,-10737.41824,0
VN30,4/19/18,0,10737.41824,-21474.83648,10737.41824,0
VN30,4/20/18,0,10737.41824,-18790.48192,-5368.70912,0
VN30,4/23/18,0,10737.41824,-21474.83648,-10737.41824,0
VN30,4/24/18,0,0,0,0,0
VN30,4/26/18,0,10737.41824,-21474.83648,10737.41824,0
VN30,4/27/18,0,0,-21474.83648,-21474.83648,0
VN30,5/2/18,0,10737.41824,-21474.83648,10737.41824,0
VN30,5/7/18,0,0,-21474.83648,-10737.41824,0
VN30,5/8/18,0,18790.48192,-10737.41824,-2684.35456,0
VN30,5/9/18,0,16106.12736,-21474.83648,-5368.70912,0
VN30,5/10/18,0,0,-21474.83648,-10737.41824,0
VN30,5/11/18,0,0,-21474.83648,-21474.83648,0
VN30,5/14/18,0,0,0,0,0
VN30,5/15/18,0,10737.41824,-21474.83648,10737.41824,0
VN30,5/16/18,0,0,-21474.83648,0,0
VN30,5/17/18,0,10737.41824,-21474.83648,10737.41824,0
VN30,5/18/18,0,0,-21474.83648,-21474.83648,0
VN30,5/21/18,0,0,0,0,0
VN30,5/22/18,0,10737.41824,-21474.83648,10737.41824,0
VN30,5/23/18,0,13421.7728,-21474.83648,-8053.06368,0
VN30,5/24/18,0,16106.12736,-21474.83648,16106.12736,0
VN30,5/25/18,0,10737.41824,-21474.83648,-16106.12736,0
VN30,5/28/18,0,10737.41824,-21474.83648,-10737.41824,0
VN30,5/29/18,0,0,-21474.83648,-21474.83648,0
VN30,5/30/18,0,0,-21474.83648,-21474.83648,0
VN30,5/31/18,0,0,-21474.83648,-21474.83648,0
VN30,6/1/18,0,0,-21474.83648,-10737.41824,0
VN30,6/4/18,0,0,0,0,0
VN30,6/5/18,0,18790.48192,-10737.41824,8053.06368,0
VN30,6/6/18,0,10737.41824,0,10737.41824,0
VN30,6/7/18,0,0,-21474.83648,0,0
VN30,6/8/18,0,16106.12736,-21474.83648,-16106.12736,0
VN30,6/11/18,0,5368.70912,-21474.83648,-18790.48192,0
VN30,6/12/18,0,10737.41824,-21474.83648,-21474.83648,0
VN30,6/13/18,0,0,-21474.83648,-21474.83648,0
VN30,6/14/18,0,0,-21474.83648,-21474.83648,0
VN30,6/15/18,0,0,-21474.83648,0,0
VN30,6/18/18,0,0,0,0,0
VN30,6/19/18,0,16106.12736,-21474.83648,-16106.12736,0
VN30,6/20/18,0,0,-21474.83648,0,0
VN30,6/21/18,0,0,-21474.83648,0,0
VN30,6/22/18,0,0,0,0,0
VN30,6/25/18,0,0,0,0,0
VN30,6/26/18,0,10737.41824,-21474.83648,-10737.41824,0
VN30,6/27/18,0,0,-10737.41824,-10737.41824,0
VN30,6/28/18,0,0,-21474.83648,0,0
VN30,6/29/18,0,0,-21474.83648,-21474.83648,0
VN30,7/2/18,0,0,-21474.83648,-21474.83648,0
VN30,7/3/18,0,0,-21474.83648,-21474.83648,0
VN30,7/4/18,0,0,-21474.83648,0,0
VN30,7/5/18,0,0,-21474.83648,-21474.83648,0
VN30,7/6/18,0,0,-21474.83648,-21474.83648,0
VN30,7/9/18,0,10737.41824,-21474.83648,10737.41824,0
VN30,7/10/18,0,10737.41824,-21474.83648,-10737.41824,0
VN30,7/11/18,0,0,0,0,0
VN30,7/12/18,0,0,0,0,0
VN30,7/13/18,0,0,-21474.83648,-21474.83648,0
VN30,7/16/18,0,10737.41824,-21474.83648,-21474.83648,0
VN30,7/17/18,0,0,0,0,0
VN30,7/18/18,0,0,0,0,0
VN30,7/19/18,0,16106.12736,-21474.83648,-5368.70912,0
VN30,7/20/18,0,0,0,0,0
VN30,7/23/18,0,0,-21474.83648,0,0
VN30,7/24/18,0,0,-21474.83648,0,0
VN30,7/25/18,0,10737.41824,-21474.83648,10737.41824,0
VN30,7/26/18,0,0,0,0,0
VN30,7/27/18,0,0,0,0,0
VN30,7/30/18,0,0,-21474.83648,-21474.83648,0
VN30,7/31/18,0,0,0,0,0
VN30,8/1/18,0,0,-21474.83648,-10737.41824,0
VN30,8/2/18,0,10737.41824,-21474.83648,10737.41824,0
VN30,8/3/18,0,0,0,0,0
VN30,8/6/18,0,0,0,0,0
VN30,8/7/18,0,10737.41824,-10737.41824,-10737.41824,0
VN30,8/8/18,0,0,-21474.83648,-21474.83648,0
VN30,8/9/18,0,0,0,0,0
VN30,8/10/18,0,0,0,0,0
VN30,8/13/18,0,0,0,0,0
VN30,8/14/18,0,0,0,0,0
VN30,8/15/18,0,10737.41824,-21474.83648,-10737.41824,0
VN30,8/16/18,0,10737.41824,-21474.83648,10737.41824,0
VN30,8/17/18,0,0,0,0,0
VN30,8/20/18,0,0,0,0,0
VN30,8/21/18,0,0,-21474.83648,-21474.83648,0
VN30,8/22/18,0,10737.41824,-21474.83648,-10737.41824,0
VN30,8/23/18,0,0,0,0,0
VN30,8/24/18,0,0,-21474.83648,0,0
VN30,8/27/18,0,0,-21474.83648,-10737.41824,0
VN30,8/28/18,0,0,0,0,0
VN30,8/29/18,0,0,-21474.83648,-21474.83648,0
VN30,8/30/18,0,0,0,0,0
VN30,8/31/18,0,0,0,0,0
VN30,9/4/18,0,0,0,0,0
VN30,9/5/18,0,0,-21474.83648,-21474.83648,0
VN30,9/6/18,0,0,-21474.83648,-21474.83648,0
VN30,9/7/18,0,0,0,0,0
VN30,9/10/18,0,0,-21474.83648,-21474.83648,0
VN30,9/11/18,0,0,0,0,0
VN30,9/12/18,0,0,0,0,0
VN30,9/13/18,0,0,-21474.83648,-21474.83648,0
VN30,9/14/18,0,0,-21474.83648,-21474.83648,0
VN30,9/17/18,0,0,0,0,0
VN30,9/18/18,0,0,0,0,0
VN30,9/19/18,0,0,-21474.83648,-21474.83648,0
VN30,9/20/18,0,10737.41824,0,10737.41824,0
VN30,9/21/18,0,0,-21474.83648,-10737.41824,0
VN30,9/24/18,0,0,0,0,0
VN30,9/25/18,0,10737.41824,0,10737.41824,0
VN30,9/26/18,0,0,0,0,0
VN30,9/27/18,0,0,-21474.83648,-21474.83648,0
VN30,9/28/18,0,10737.41824,-21474.83648,10737.41824,0
VN30,10/1/18,0,10737.41824,-21474.83648,10737.41824,0
VN30,10/2/18,0,18790.48192,-18790.48192,13421.7728,-2.000000489
VN30,10/3/18,0,0,0,0,0
VN30,10/4/18,0,0,0,0,0
VN30,10/5/18,0,20803.74784,-21474.83648,20803.74784,0
VN30,10/8/18,0,0,-21474.83648,0,0
VN30,10/9/18,0,10737.41824,-21474.83648,-10737.41824,0
VN30,10/10/18,0,0,-21474.83648,-21474.83648,0
VN30,10/11/18,0,10737.41824,-21474.83648,10737.41824,0
VN30,10/12/18,-21474.83648,10737.41824,-21474.83648,-10737.41824,0
VN30,10/15/18,0,0,0,0,0
VN30,10/16/18,0,10737.41824,-21474.83648,-10737.41824,0
VN30,10/17/18,0,0,-21474.83648,-10737.41824,0
VN30,10/18/18,0,0,0,0,0
VN30,10/19/18,0,0,0,0,0
VN30,10/22/18,0,0,0,0,0
VN30,10/23/18,0,10737.41824,-21474.83648,0,0
VN30,10/24/18,0,0,-21474.83648,-21474.83648,0
VN30,10/25/18,0,0,0,0,0
VN30,10/29/18,0,0,-21474.83648,-21474.83648,0
VN30,10/30/18,0,0,-21474.83648,-21474.83648,0
VN30,10/31/18,0,10737.41824,-16106.12736,10737.41824,0
VN30,11/1/18,0,16106.12736,-21474.83648,4026.53184,0
VN30,11/2/18,0,0,0,0,0
VN30,11/5/18,0,0,-21474.83648,-21474.83648,0
VN30,11/6/18,0,0,-21474.83648,-21474.83648,0
VN30,11/7/18,0,0,-21474.83648,-21474.83648,0
VN30,11/8/18,0,0,0,0,0
VN30,11/9/18,0,0,0,0,0
VN30,11/12/18,0,0,0,0,0
VN30,11/13/18,0,0,-21474.83648,-21474.83648,0
VN30,11/14/18,0,0,-21474.83648,-21474.83648,0
VN30,11/15/18,0,0,-21474.83648,0,0
VN30,11/16/18,0,0,0,0,0
VN30,11/19/18,0,0,-21474.83648,-10737.41824,0
VN30,11/20/18,0,10737.41824,-21474.83648,-21474.83648,0
VN30,11/21/18,0,0,-21474.83648,0,0
VN30,11/22/18,0,10737.41824,-21474.83648,-16106.12736,0
VN30,11/23/18,0,0,-21474.83648,-21474.83648,0
VN30,11/26/18,0,5368.70912,0,5368.70912,0
VN30,11/27/18,0,10737.41824,-21474.83648,5368.70912,0
VN30,11/28/18,0,0,-21474.83648,-21474.83648,0
VN30,11/29/18,0,0,-21474.83648,0,0
VN30,11/30/18,0,10737.41824,-21474.83648,10737.41824,0
VN30,12/3/18,0,0,0,0,0
VN30,12/4/18,0,0,-21474.83648,-21474.83648,0
VN30,12/5/18,0,10737.41824,-21474.83648,10737.41824,0
VN30,12/6/18,0,0,-21474.83648,-21474.83648,0
VN30,12/7/18,0,0,-21474.83648,-21474.83648,0
VN30,12/10/18,0,0,-21474.83648,-21474.83648,0
VN30,12/11/18,0,0,-21474.83648,-10737.41824,0
VN30,12/12/18,0,10737.41824,-21474.83648,-5368.70912,0
VN30,12/13/18,0,10737.41824,-21474.83648,-5368.70912,0
VN30,12/14/18,0,0,-21474.83648,-21474.83648,0
VN30,12/17/18,0,18790.48192,-21474.83648,-10737.41824,0
VN30,12/18/18,0,10737.41824,-10737.41824,-10737.41824,0
VN30,12/19/18,0,16106.12736,-21474.83648,16106.12736,0
VN30,12/20/18,0,10737.41824,-21474.83648,-21474.83648,0
VN30,12/21/18,0,10737.41824,-21474.83648,0,0
VN30,12/24/18,0,0,-21474.83648,-21474.83648,0
VN30,12/25/18,0,0,-21474.83648,0,0
VN30,12/26/18,0,0,0,0,0
VN30,12/27/18,0,10737.41824,-21474.83648,0,0
VN30,12/28/18,0,10737.41824,-21474.83648,-10737.41824,0
VN30,1/2/19,0,0,0,0,0
VN30,1/3/19,0,0,-21474.83648,-21474.83648,0
VN30,1/4/19,0,0,-10737.41824,-10737.41824,0
VN30,1/7/19,0,0,-21474.83648,-10737.41824,0
VN30,1/8/19,0,0,-21474.83648,-21474.83648,0
VN30,1/9/19,0,0,0,0,0
VN30,1/10/19,0,0,-21474.83648,-21474.83648,0
VN30,1/11/19,0,0,0,0,0
VN30,1/14/19,0,0,-21474.83648,0,0
VN30,1/15/19,0,0,0,0,0
VN30,1/16/19,0,0,-21474.83648,-21474.83648,0
VN30,1/17/19,0,0,0,0,0
VN30,1/18/19,0,16106.12736,-21474.83648,14763.95008,0
VN30,1/21/19,0,0,-21474.83648,-21474.83648,0
VN30,1/22/19,0,0,0,0,0
VN30,1/23/19,0,10737.41824,-21474.83648,10737.41824,0
VN30,1/24/19,0,0,-21474.83648,0,0
VN30,1/25/19,0,0,0,0,0
VN30,1/28/19,0,0,-21474.83648,-21474.83648,0
VN30,1/29/19,0,10737.41824,-21474.83648,-10737.41824,0
VN30,1/30/19,0,0,-21474.83648,-21474.83648,0
VN30,1/31/19,0,0,0,0,0
VN30,2/1/19,0,0,-21474.83648,0,0
VN30,2/12/19,0,10737.41824,-21474.83648,5368.70912,0
VN30,2/13/19,0,5368.70912,-21474.83648,-5368.70912,0
VN30,2/14/19,-10737.41824,16106.12736,-16106.12736,-13421.7728,0
VN30,2/15/19,0,0,0,0,0
VN30,2/18/19,0,0,-21474.83648,-21474.83648,0
VN30,2/19/19,0,0,0,0,0
VN30,2/20/19,0,0,-21474.83648,-10737.41824,0
VN30,2/21/19,0,0,0,0,0
VN30,2/22/19,0,0,0,0,0
VN30,2/25/19,0,0,-21474.83648,-10737.41824,0
VN30,2/26/19,0,10737.41824,-21474.83648,10737.41824,0
VN30,2/27/19,0,0,-21474.83648,-10737.41824,0
VN30,2/28/19,0,0,-21474.83648,-10737.41824,0
VN30,3/1/19,0,0,-21474.83648,-21474.83648,0
VN30,3/4/19,-21474.83648,-21474.83648,-21474.83648,-21474.83648,0
VN30,3/5/19,0,16106.12736,-21474.83648,16106.12736,0
VN30,3/6/19,0,0,-21474.83648,-10737.41824,0
VN30,3/7/19,0,10737.41824,-21474.83648,10737.41824,0
VN30,3/11/19,0,0,0,0,0
VN30,3/12/19,0,10737.41824,-21474.83648,0,0
VN30,3/13/19,0,0,-21474.83648,0,0
VN30,3/14/19,0,5368.70912,-21474.83648,-5368.70912,0
VN30,3/15/19,0,16106.12736,-21474.83648,10737.41824,0
VN30,3/18/19,0,16106.12736,-21474.83648,5368.70912,0
VN30,3/19/19,0,10737.41824,-21474.83648,-10737.41824,0
VN30,3/20/19,0,16106.12736,-17448.30464,13421.7728,0
VN30,3/21/19,0,0,-21474.83648,-21474.83648,0
VN30,3/22/19,0,16106.12736,-21474.83648,-5368.70912,0
VN30,3/25/19,0,16106.12736,-21474.83648,5368.70912,0
VN30,3/26/19,0,0,-21474.83648,0,0
VN30,3/27/19,0,10737.41824,-21474.83648,-10737.41824,0
VN30,3/28/19,0,16106.12736,-21474.83648,-13421.7728,0
VN30,3/29/19,0,10737.41824,-16106.12736,2684.35456,0
VN30,4/1/19,0,10737.41824,-21474.83648,-21474.83648,0
VN30,4/2/19,0,17448.30464,-9395.24096,-9395.24096,0
VN30,4/3/19,0,20132.6592,-21474.83648,10066.3296,0
VN30,4/4/19,0,10737.41824,0,10737.41824,0
VN30,4/5/19,0,16106.12736,-21474.83648,16106.12736,0
VN30,4/8/19,0,0,0,0,0
VN30,4/9/19,0,0,-21474.83648,-21474.83648,0
VN30,4/10/19,-10737.41824,16106.12736,-10737.41824,16106.12736,0
VN30,4/11/19,0,0,0,0,0
VN30,4/12/19,0,16106.12736,-21474.83648,0,0
VN30,4/16/19,0,10737.41824,-21474.83648,0,0
VN30,4/17/19,0,16106.12736,-21474.83648,0,0
VN30,4/18/19,0,10737.41824,-21474.83648,-10737.41824,0
VN30,4/19/19,0,0,0,0,0
VN30,4/22/19,0,0,0,0,0
VN30,4/23/19,0,18790.48192,-21474.83648,18790.48192,0
VN30,4/24/19,0,0,-21474.83648,-21474.83648,0
VN30,4/25/19,0,10737.41824,-21474.83648,-21474.83648,0
VN30,4/26/19,0,0,0,0,0
VN30,5/2/19,0,0,-21474.83648,0,0
VN30,5/3/19,0,0,-21474.83648,-21474.83648,0
VN30,5/6/19,0,10737.41824,-21474.83648,10737.41824,0
VN30,5/7/19,0,10737.41824,-21474.83648,10737.41824,0
VN30,5/8/19,0,10737.41824,-21474.83648,-5368.70912,0
VN30,5/9/19,0,18790.48192,-21474.83648,-18790.48192,0
VN30,5/10/19,0,0,0,0,0
VN30,5/13/19,0,0,-21474.83648,0,0
VN30,5/15/19,0,0,0,0,0
VN30,5/16/19,0,16106.12736,-10737.41824,-5368.70912,0
VN30,5/17/19,0,0,-21474.83648,-21474.83648,0
VN30,5/20/19,0,0,-21474.83648,-21474.83648,0
VN30,5/21/19,0,17448.30464,-17448.30464,-14763.95008,0
VN30,5/22/19,0,5368.70912,-21474.83648,5368.70912,0
VN30,5/23/19,0,13421.7728,-21474.83648,0,0
VN30,5/24/19,0,16106.12736,-21474.83648,5368.70912,0
VN30,5/27/19,0,16106.12736,-21474.83648,5368.70912,0
VN30,5/28/19,0,0,-21474.83648,-10737.41824,0
VN30,5/29/19,0,10737.41824,-21474.83648,10737.41824,0
VN30,5/30/19,0,18790.48192,-21474.83648,13421.7728,0
VN30,5/31/19,0,10737.41824,-21474.83648,10737.41824,0
VN30,6/3/19,0,16106.12736,-21474.83648,-16106.12736,0
VN30,6/4/19,0,8053.06368,-21474.83648,5368.70912,0
VN30,6/5/19,0,0,0,0,0
VN30,6/6/19,0,16106.12736,-21474.83648,16106.12736,0
VN30,6/7/19,0,16106.12736,-21474.83648,-16106.12736,0
VN30,6/10/19,0,10737.41824,-21474.83648,10737.41824,0
VN30,6/11/19,0,0,-21474.83648,-21474.83648,0
VN30,6/12/19,0,16106.12736,-21474.83648,-5368.70912,0
VN30,6/13/19,0,10737.41824,-21474.83648,-16106.12736,0
VN30,6/14/19,0,10737.41824,-21474.83648,-21474.83648,0
VN30,6/17/19,0,18790.48192,-21474.83648,18790.48192,0
VN30,6/18/19,0,18790.48192,-21474.83648,-2684.35456,0
VN30,6/19/19,0,16106.12736,-21474.83648,16106.12736,0
VN30,6/20/19,0,16106.12736,-21474.83648,-21474.83648,0
VN30,6/21/19,0,16106.12736,-16106.12736,-5368.70912,0
VN30,6/25/19,0,18790.48192,-21474.83648,18790.48192,0
VN30,6/26/19,-10737.41824,17448.30464,-17448.30464,-10737.41824,0
VN30,6/27/19,0,16106.12736,-21474.83648,5368.70912,0
VN30,6/28/19,0,18790.48192,-21474.83648,-5368.70912,0
VN30,7/1/19,0,10737.41824,-21474.83648,5368.70912,0
VN30,7/2/19,0,0,-21474.83648,-21474.83648,0
VN30,7/3/19,0,10737.41824,-21474.83648,10737.41824,0
VN30,7/4/19,0,0,-21474.83648,-21474.83648,0
VN30,7/5/19,0,0,-21474.83648,-21474.83648,0
VN30,7/8/19,0,10737.41824,-21474.83648,0,0
VN30,7/9/19,0,18790.48192,-21474.83648,8053.06368,0
VN30,7/11/19,0,0,-21474.83648,0,0
VN30,7/12/19,0,0,0,0,0
VN30,7/15/19,0,10737.41824,-21474.83648,-10737.41824,0
VN30,7/16/19,0,10737.41824,-21474.83648,-16106.12736,0
VN30,7/17/19,0,16106.12736,-21474.83648,5368.70912,0
VN30,7/18/19,0,0,-21474.83648,0,0
VN30,7/19/19,0,0,0,0,0
VN30,7/22/19,0,13421.7728,-16106.12736,-8053.06368,0
VN30,7/23/19,0,18790.48192,-21474.83648,18790.48192,0
VN30,7/24/19,0,0,-21474.83648,-21474.83648,0
VN30,7/25/19,0,10737.41824,-21474.83648,5368.70912,0
VN30,7/26/19,0,16106.12736,-21474.83648,16106.12736,0
VN30,7/29/19,0,10737.41824,-21474.83648,0,0
VN30,7/30/19,0,0,0,0,0
VN30,7/31/19,0,10737.41824,-21474.83648,-16106.12736,0
VN30,8/1/19,0,18790.48192,-18790.48192,-2684.35456,0
VN30,8/2/19,0,10737.41824,-21474.83648,10737.41824,0
VN30,8/5/19,0,18790.48192,-21474.83648,-2684.35456,0
VN30,8/6/19,0,13421.7728,-18790.48192,-8053.06368,0
VN30,8/7/19,0,0,-21474.83648,0,0
VN30,8/8/19,0,9395.24096,-20132.6592,-20132.6592,0
VN30,8/9/19,0,16106.12736,-16106.12736,16106.12736,0
VN30,8/12/19,0,0,-21474.83648,-21474.83648,0
VN30,8/13/19,0,0,-21474.83648,-10737.41824,0
VN30,8/14/19,0,0,-21474.83648,-21474.83648,0
VN30,8/15/19,0,0,-21474.83648,0,0
VN30,8/16/19,0,18790.48192,-21474.83648,-18790.48192,0
VN30,8/19/19,0,0,-21474.83648,-10737.41824,0
VN30,8/21/19,0,13421.7728,-21474.83648,13421.7728,0
VN30,8/22/19,0,0,-21474.83648,-21474.83648,0
VN30,8/23/19,0,0,-21474.83648,-5368.70912,0
VN30,8/26/19,0,10737.41824,-21474.83648,10737.41824,0
VN30,8/27/19,0,10737.41824,-21474.83648,-16106.12736,0
VN30,8/28/19,0,16106.12736,-21474.83648,16106.12736,0
VN30,8/29/19,0,10737.41824,-21474.83648,-5368.70912,0
VN30,8/30/19,0,16106.12736,-21474.83648,16106.12736,0
VN30,9/3/19,0,20132.6592,-21474.83648,14763.95008,0
VN30,9/4/19,0,10737.41824,-21474.83648,5368.70912,0
VN30,9/5/19,0,13421.7728,-21474.83648,-2684.35456,0
VN30,9/6/19,0,5368.70912,-21474.83648,5368.70912,0
VN30,9/9/19,0,16106.12736,-16106.12736,16106.12736,0
VN30,9/10/19,0,10737.41824,-21474.83648,0,0
VN30,9/11/19,0,5368.70912,-21474.83648,0,0
VN30,9/12/19,0,10737.41824,-10737.41824,-10737.41824,0
VN30,9/13/19,0,0,-21474.83648,0,0
VN30,9/16/19,0,18790.48192,-10737.41824,18790.48192,0
VN30,9/17/19,-21474.83648,16106.12736,-21474.83648,-8053.06368,0
VN30,9/18/19,0,16106.12736,-21474.83648,-21474.83648,0
VN30,9/19/19,0,0,-21474.83648,0,0
VN30,9/20/19,0,10737.41824,-21474.83648,-10737.41824,0
VN30,9/23/19,0,10737.41824,-21474.83648,0,0
VN30,9/24/19,0,18790.48192,-21474.83648,-8053.06368,0
VN30,9/25/19,0,13421.7728,-21474.83648,13421.7728,0
VN30,9/26/19,0,0,-21474.83648,-21474.83648,0
VN30,9/27/19,0,0,-21474.83648,-10737.41824,0
VN30,9/30/19,0,0,0,0,0
VN30,10/2/19,0,0,-21474.83648,-21474.83648,0
VN30,10/3/19,0,10737.41824,-21474.83648,10737.41824,0
VN30,10/4/19,0,10737.41824,-21474.83648,0,0
VN30,10/7/19,0,16106.12736,-21474.83648,16106.12736,0
VN30,10/8/19,0,0,0,0,0
VN30,10/9/19,0,10737.41824,-21474.83648,0,0
VN30,10/10/19,0,10737.41824,-21474.83648,-16106.12736,0
VN30,10/11/19,0,18790.48192,-21474.83648,18790.48192,0
VN30,10/14/19,0,10737.41824,-21474.83648,-10737.41824,0